title,year,codec,resolution,size_gb,bpp,hdr_status,cambi_score,block_mean,blur_mean,encoder_settings,verdict,audio,relative_path
A Silent Voice,2016,AV1,1080p,1.94,0.043,SDR,0.02,0.0,0.0,None,STARVED-BUT-CLEAN,EAC3 6ch,A.Silent.Voice.2016.1080p.NF.WEB-DL.DDP5.1.AV1-Saon/A.Silent.Voice.2016.1080p.NF.WEB-DL.DDP5.1.AV1-Saon.mkv
Amadeus,1984,AV1,2160p,11.41,0.0513,DV/HDR10,0.038,0.0,0.0,None,STARVED-BUT-CLEAN,DTS 6ch,Amadeus.1984.Theatrical.Cut.UHD.BluRay.2160p.DTS-HD.MA.5.1.DV.HDR.AV1-R and H/Amadeus.1984.Theatrical.Cut.UHD.BluRay.2160p.DTS-HD.MA.5.1.DV.HDR.AV1-R and H.mkv
Avengers-Endgame-2019-IMAX-2160p DSNP WEB-DL Hybrid H265 DV HDR DDP Atmos 5.1 English-HONE-REPACK-,0,HEVC,2160p,17.34,0.0689,DV/HDR10,0.026,0.0,0.0,None,STARVED-BUT-CLEAN,EAC3 6ch,Avengers-Endgame-2019-IMAX-2160p DSNP WEB-DL Hybrid H265 DV HDR DDP Atmos 5.1 English-HONE-REPACK-/Avengers-Endgame-2019-IMAX-2160p DSNP WEB-DL Hybrid H265 DV HDR DDP Atmos 5.1 English-HONE-REPACK-.mkv
Bu Liu Huo Kou,2026,HEVC,2160p,5.22,0.0549,HDR10,1.765,0.0,0.0,None,STARVED-BUT-CLEAN,AAC 2ch,Bu.Liu.Huo.Kou.2026.2160p.WEB-DL.H.265.HDR.DDP2.0.2Audios-HHWEB/Bu.Liu.Huo.Kou.2026.2160p.WEB-DL.H.265.HDR.DDP2.0.2Audios-HHWEB.mkv
Capernaum,2018,AV1,1080p,1.43,0.0325,SDR,0.096,1.31,7.246,None,ARTIFACT-POSITIVE,EAC3 6ch,Capernaum.2018.1080p.NF.WEB-DL.DDP5.1.AV1-Saon/Capernaum.2018.1080p.NF.WEB-DL.DDP5.1.AV1-Saon.mkv
Casino,1995,HEVC,2160p,19.2,0.0776,HDR10,0.104,0.0,0.0,psy-rd=4.00 rc=abr bitrate=15000 qcomp=0.60 aq-mode=0,STARVED-BUT-CLEAN,EAC3 6ch,Casino.1995.2160p.PCOK.WEB-DL.DDP.5.1.HDR.H.265-PiRaTeS/Casino.1995.2160p.PCOK.WEB-DL.DDP.5.1.HDR.H.265-PiRaTeS.mkv
Chinatown,1974,HEVC,2160p,13.17,0.0727,DV/HDR10,0.028,0.0,0.0,None,STARVED-BUT-CLEAN,EAC3 6ch,Chinatown.1974.2160p.PMTP.WEB-DL.DDP.5.1.DV.HDR.H.265-PiRaTeS/Chinatown.1974.2160p.PMTP.WEB-DL.DDP.5.1.DV.HDR.H.265-PiRaTeS.mkv
Finding Nemo,2003,HEVC,2160p,9.66,0.069,DV/HDR10,1.778,0.0,0.0,None,STARVED-BUT-CLEAN,EAC3 6ch,Finding.Nemo.2003.2160p.DSNP.WEB-DL.DDP5.1.Atmos.DV.HDR.H.265-Kitsune/Finding.Nemo.2003.2160p.DSNP.WEB-DL.DDP5.1.Atmos.DV.HDR.H.265-Kitsune.mkv
Grand Theft Auto VI An Extended Look,2026,HEVC,2160p,2.36,0.0507,SDR,0.477,0.0,0.0,None,STARVED-BUT-CLEAN,EAC3 6ch,Grand.Theft.Auto.VI.An.Extended.Look.2026.2160p.NF.WEB-DL.DDP5.1.H.265-FLUX/Grand.Theft.Auto.VI.An.Extended.Look.2026.2160p.NF.WEB-DL.DDP5.1.H.265-FLUX.mkv
Green.Book.2018-2160p.BluRay.HDR10.Encode.AV1.DTS.5.1-RandH,0,AV1,2160p,8.05,0.0502,HDR10,0.721,0.0,0.0,None,STARVED-BUT-CLEAN,DTS 6ch,Green.Book.2018-2160p.BluRay.HDR10.Encode.AV1.DTS.5.1-RandH/Green.Book.2018-2160p.BluRay.HDR10.Encode.AV1.DTS.5.1-RandH.mkv
How to Train Your Dragon,2010,HEVC,2160p,10.56,0.0774,HDR10,0.329,0.0,0.0,psy-rd=4.00 rc=abr bitrate=15000 qcomp=0.60 aq-mode=0,STARVED-BUT-CLEAN,EAC3 6ch,How.to.Train.Your.Dragon.2010.2160p.PCOK.WEB-DL.DDP.5.1.HDR.H.265-PiRaTeS/How.to.Train.Your.Dragon.2010.2160p.PCOK.WEB-DL.DDP.5.1.HDR.H.265-PiRaTeS.mkv
Inside Out,2015,HEVC,2160p,9.55,0.0726,DV/HDR10,0.544,0.0,0.0,None,STARVED-BUT-CLEAN,EAC3 6ch,Inside.Out.2015.2160p.DSNP.WEB-DL.DDPA.5.1.DV.HDR.H.265-PiRaTeS/Inside.Out.2015.2160p.DSNP.WEB-DL.DDPA.5.1.DV.HDR.H.265-PiRaTeS.mkv
Jaws,1975,HEVC,2160p,13.76,0.079,DV/HDR10,0.104,0.0,0.0,psy-rd=4.00 rc=abr bitrate=15000 qcomp=0.60 aq-mode=0,STARVED-BUT-CLEAN,EAC3 6ch,Jaws.1975.2160p.PCOK.WEB-DL.DDP5.1.Atmos.DV.HDR.H.265-Kitsune/Jaws.1975.2160p.PCOK.WEB-DL.DDP5.1.Atmos.DV.HDR.H.265-Kitsune.mkv
Jurassic World,2015,HEVC,2160p,13.67,0.0791,DV/HDR10,0.077,0.0,0.0,psy-rd=4.00 rc=abr bitrate=15000 qcomp=0.60 aq-mode=0,STARVED-BUT-CLEAN,EAC3 6ch,Jurassic.World.2015.2160p.PCOK.WEB-DL.DDPA.5.1.DV.HDR.H.265-PiRaTeS/Jurassic.World.2015.2160p.PCOK.WEB-DL.DDPA.5.1.DV.HDR.H.265-PiRaTeS.mkv
Jurassic World Fallen Kingdom,2018,HEVC,2160p,14.06,0.0789,DV/HDR10,0.096,0.0,0.0,psy-rd=4.00 rc=abr bitrate=15000 qcomp=0.60 aq-mode=0,STARVED-BUT-CLEAN,EAC3 6ch,Jurassic.World.Fallen.Kingdom.2018.2160p.PCOK.WEB-DL.DDPA.5.1.DV.HDR.H.265-PiRaTeS/Jurassic.World.Fallen.Kingdom.2018.2160p.PCOK.WEB-DL.DDPA.5.1.DV.HDR.H.265-PiRaTeS.mkv
Kill Bill The Whole Bloody Affair,2004,HEVC,2160p,27.17,0.0773,DV/HDR10,0.808,0.0,0.0,psy-rd=2.00 rc=abr bitrate=15000 qcomp=0.60 aq-mode=2,STARVED-BUT-CLEAN,EAC3 6ch,Kill.Bill.The.Whole.Bloody.Affair.2004.2160p.PCOK.WEB-DL.DDP.5.1.DV.HDR.H.265-PiRaTeS/Kill.Bill.The.Whole.Bloody.Affair.2004.2160p.PCOK.WEB-DL.DDP.5.1.DV.HDR.H.265-PiRaTeS.mkv
Kill Bill Vol 1,2003,HEVC,2160p,11.85,0.0767,DV/HDR10,0.019,0.0,0.0,psy-rd=2.00 rc=abr bitrate=15000 qcomp=0.60 aq-mode=2,STARVED-BUT-CLEAN,EAC3 6ch,Kill.Bill.Vol.1.2003.2160p.PCOK.WEB-DL.DDP.5.1.DV.HDR.H.265-PiRaTeS/Kill.Bill.Vol.1.2003.2160p.PCOK.WEB-DL.DDP.5.1.DV.HDR.H.265-PiRaTeS.mkv
Klaus,2019,HEVC,2160p,5.29,0.0387,DV/HDR10,0.794,0.0,0.0,None,STARVED-BUT-CLEAN,EAC3 6ch,Klaus.2019.2160p.NF.WEB-DL.DDP.5.1.Atmos.DoVi.HDR.HEVC-SiC/Klaus.2019.2160p.NF.WEB-DL.DDP.5.1.Atmos.DoVi.HDR.HEVC-SiC.mkv
Mad.Max.Fury.Road.2015-2160p.BluRay.DV.HDR.10.bit.Encode.AV1.DTS.5.1-R and H,0,AV1,2160p,7.47,0.0447,DV/HDR10,0.541,0.0,0.0,None,STARVED-BUT-CLEAN,DTS 6ch,Mad.Max.Fury.Road.2015-2160p.BluRay.DV.HDR.10.bit.Encode.AV1.DTS.5.1-R and H/Mad.Max.Fury.Road.2015-2160p.BluRay.DV.HDR.10.bit.Encode.AV1.DTS.5.1-R and H.mkv
No Country for Old Men,2007,AV1,2160p,8.24,0.0485,DV/HDR10,0.21,0.0,0.0,None,STARVED-BUT-CLEAN,DTS 6ch,No.Country.for.Old.Men.2007.2160p.BluRay.DV.HDR10.DTS-HD.MA.5.1.AV1-RandH/No.Country.for.Old.Men.2007.2160p.BluRay.DV.HDR10.DTS-HD.MA.5.1.AV1-RandH.mkv
Oppenheimer,2023,AV1,2160p,11.71,0.0467,DV/HDR10,2.669,0.0,0.0,None,STARVED-BUT-CLEAN,DTS 6ch,Oppenheimer.2023.2160p.BluRay.DTS.5.1.DV.HDR.AV1-R and H/Oppenheimer.2023.2160p.BluRay.DTS.5.1.DV.HDR.AV1-R and H.mkv
Platoon.1986-2160p.BluRay.HDR10.10.bit.Encode.AV1.DDP.5.1-R and H,0,AV1,2160p,7.06,0.0441,HDR10,0.917,0.0,0.0,None,STARVED-BUT-CLEAN,EAC3 6ch,Platoon.1986-2160p.BluRay.HDR10.10.bit.Encode.AV1.DDP.5.1-R and H/Platoon.1986-2160p.BluRay.HDR10.10.bit.Encode.AV1.DDP.5.1-R and H.mkv
Project Hail Mary,2026,AV1,2160p,10.69,0.0492,DV/HDR10,0.186,0.0,0.0,None,STARVED-BUT-CLEAN,EAC3 6ch,Project.Hail.Mary.2026.2160p.WEBRip.DDP5.1.Atmos.DV.HDR10+.AV1-RandH/Project.Hail.Mary.2026.2160p.WEBRip.DDP5.1.Atmos.DV.HDR10+.AV1-RandH.mkv
Rocky.1976-2160p.BluRay.DV.HDR.10.bit.Encode.AV1.DTS.5.1-R&H.mkv,0,AV1,2160p,7.04,0.0424,DV/HDR10,0.065,0.0,0.0,None,STARVED-BUT-CLEAN,DTS 6ch,Rocky.1976-2160p.BluRay.DV.HDR.10.bit.Encode.AV1.DTS.5.1-R&H.mkv/Rocky.1976-2160p.BluRay.DV.HDR.10.bit.Encode.AV1.DTS.5.1-R&H.mkv
Schindlers List,1993,AV1,2160p,12.86,0.0474,DV/HDR10,0.133,0.0,0.0,None,STARVED-BUT-CLEAN,DTS 6ch,Schindlers.List.1993.2160p.UHD.BluRay.2160p.DTS-HD.MA.5.1.DV.HDR10+.AV1-RandH/Schindlers.List.1993.2160p.UHD.BluRay.2160p.DTS-HD.MA.5.1.DV.HDR10+.AV1-RandH.mkv
Star Wars Episode II Attack of the Clones,2002,HEVC,2160p,12.37,0.0625,DV/HDR10,0.538,0.0,0.0,None,STARVED-BUT-CLEAN,EAC3 6ch,Star.Wars.Episode.II.Attack.of.the.Clones.2002.2160p.DSNP.WEB-DL.DDPA.5.1.DV.HDR.H.265-PiRaTeS/Star.Wars.Episode.II.Attack.of.the.Clones.2002.2160p.DSNP.WEB-DL.DDPA.5.1.DV.HDR.H.265-PiRaTeS.mkv
Star Wars Episode III Revenge of the Sith,2005,HEVC,2160p,14.98,0.077,DV/HDR10,0.109,0.0,0.0,None,STARVED-BUT-CLEAN,EAC3 6ch,Star.Wars.Episode.III.Revenge.of.the.Sith.2005.2160p.DSNP.WEB-DL.DDPA.5.1.DV.HDR.H.265-PiRaTeS/Star.Wars.Episode.III.Revenge.of.the.Sith.2005.2160p.DSNP.WEB-DL.DDPA.5.1.DV.HDR.H.265-PiRaTeS.mkv
Star Wars Episode IV A New Hope,1977,HEVC,2160p,12.78,0.0738,DV/HDR10,0.008,0.0,0.0,None,STARVED-BUT-CLEAN,EAC3 6ch,Star.Wars.Episode.IV.A.New.Hope.1977.2160p.DSNP.WEB-DL.DDPA.5.1.DV.HDR.H.265-PiRaTeS/Star.Wars.Episode.IV.A.New.Hope.1977.2160p.DSNP.WEB-DL.DDPA.5.1.DV.HDR.H.265-PiRaTeS.mkv
Star Wars Episode IX The Rise of Skywalker,2019,HEVC,2160p,15.09,0.0766,DV/HDR10,0.098,0.0,0.0,None,STARVED-BUT-CLEAN,EAC3 6ch,Star.Wars.Episode.IX.The.Rise.of.Skywalker.2019.2160p.DSNP.WEB-DL.DDPA.5.1.DV.HDR.H.265-PiRaTeS/Star.Wars.Episode.IX.The.Rise.of.Skywalker.2019.2160p.DSNP.WEB-DL.DDPA.5.1.DV.HDR.H.265-PiRaTeS.mkv
Star Wars Episode V The Empire Strikes Back,1980,HEVC,2160p,12.57,0.071,DV/HDR10,0.002,0.0,0.0,None,STARVED-BUT-CLEAN,EAC3 6ch,Star.Wars.Episode.V.The.Empire.Strikes.Back.1980.2160p.DSNP.WEB-DL.DDPA.5.1.DV.HDR.H.265-PiRaTeS/Star.Wars.Episode.V.The.Empire.Strikes.Back.1980.2160p.DSNP.WEB-DL.DDPA.5.1.DV.HDR.H.265-PiRaTeS.mkv
Star Wars Episode VI Return of the Jedi,1983,HEVC,2160p,13.55,0.0724,DV/HDR10,0.008,0.0,0.0,None,STARVED-BUT-CLEAN,EAC3 6ch,Star.Wars.Episode.VI.Return.of.the.Jedi.1983.2160p.DSNP.WEB-DL.DDPA.5.1.DV.HDR.H.265-PiRaTeS/Star.Wars.Episode.VI.Return.of.the.Jedi.1983.2160p.DSNP.WEB-DL.DDPA.5.1.DV.HDR.H.265-PiRaTeS.mkv
Star Wars Episode VII The Force Awakens,2015,HEVC,2160p,14.57,0.076,DV/HDR10,0.01,0.0,0.0,None,STARVED-BUT-CLEAN,EAC3 6ch,Star.Wars.Episode.VII.The.Force.Awakens.2015.2160p.DSNP.WEB-DL.DDPA.5.1.DV.HDR.H.265-PiRaTeS/Star.Wars.Episode.VII.The.Force.Awakens.2015.2160p.DSNP.WEB-DL.DDPA.5.1.DV.HDR.H.265-PiRaTeS.mkv
Star Wars Episode VIII The Last Jedi,2017,HEVC,2160p,16.67,0.079,DV/HDR10,0.005,0.0,0.0,None,STARVED-BUT-CLEAN,EAC3 6ch,Star.Wars.Episode.VIII.The.Last.Jedi.2017.2160p.DSNP.WEB-DL.DDPA.5.1.DV.HDR.H.265-PiRaTeS/Star.Wars.Episode.VIII.The.Last.Jedi.2017.2160p.DSNP.WEB-DL.DDPA.5.1.DV.HDR.H.265-PiRaTeS.mkv
The Dark Knight,2008,AV1,2160p,9.54,0.0451,HDR10,0.0,0.0,0.0,None,STARVED-BUT-CLEAN,OPUS 6ch,The Dark Knight 2008 Bluray 2160p AV1 HDR10 OPUS 5 1-UH/The Dark Knight 2008 Bluray 2160p AV1 HDR10 OPUS 5 1-UH.mkv
The Departed,2006,AV1,2160p,6.32,0.0404,HDR10,1.139,0.0,0.0,None,STARVED-BUT-CLEAN,EAC3 6ch,The.Departed.2006.2160p.UHD.BluRay.DD+5.1.HDR.AV1-Smokindevil/The.Departed.2006.2160p.UHD.BluRay.DD+5.1.HDR.AV1-Smokindevil.mkv
The Mandalorian and Grogu,2026,AV1,2160p,8.24,0.0449,DV/HDR10,0.741,0.0,0.0,None,STARVED-BUT-CLEAN,EAC3 6ch,The.Mandalorian.and.Grogu.2026.IMAX.2160p.HDR10.DV.Hybrid.MA.Webrip.AV1.10bit.EAC3.5.1.Atmos-Goki-TAoE/The.Mandalorian.and.Grogu.2026.IMAX.2160p.HDR10.DV.Hybrid.MA.Webrip.AV1.10bit.EAC3.5.1.Atmos-Goki-TAoE.mkv
The Shawshank Redemption,1994,HEVC,2160p,15.39,0.0777,DV/HDR10,0.02,0.0,0.0,psy-rd=4.00 rc=abr bitrate=15000 qcomp=0.60 aq-mode=0,STARVED-BUT-CLEAN,EAC3 6ch,The.Shawshank.Redemption.1994.2160p.PCOK.WEB-DL.DDP.5.1.DV.HDR.H.265-PiRaTeS/The.Shawshank.Redemption.1994.2160p.PCOK.WEB-DL.DDP.5.1.DV.HDR.H.265-PiRaTeS.mkv
The Sound of Music,1965,HEVC,2160p,19.38,0.0799,DV/HDR10,0.1,0.0,0.0,None,STARVED-BUT-CLEAN,EAC3 6ch,The.Sound.of.Music.1965.2160p.DSNP.WEB-DL.DD+5.1.Atmos.DoVi.HDR.H.265-playWEB/The.Sound.of.Music.1965.2160p.DSNP.WEB-DL.DD+5.1.Atmos.DoVi.HDR.H.265-playWEB.mkv
The Terminator,1984,AV1,2160p,6.7,0.0449,HDR10,0.0,0.0,0.0,None,STARVED-BUT-CLEAN,DTS 6ch,The.Terminator.1984.REMASTERED-2160p.BluRay.HDR10.Encode.AV1.DTS.5.1-R and H/The.Terminator.1984.REMASTERED-2160p.BluRay.HDR10.Encode.AV1.DTS.5.1-R_and_H/The.Terminator.1984.REMASTERED-2160p.BluRay.HDR10.Encode.AV1.DTS.5.1-R_and_H.mkv
The Truman Show,1998,HEVC,2160p,10.63,0.0743,DV/HDR10,0.069,0.0,0.0,None,STARVED-BUT-CLEAN,EAC3 6ch,The.Truman.Show.1998.2160p.PMTP.WEB-DL.DDPA.5.1.DV.HDR.H.265-PiRaTeS/The.Truman.Show.1998.2160p.PMTP.WEB-DL.DDPA.5.1.DV.HDR.H.265-PiRaTeS.mkv
The Wolf of Wall Street,2013,HEVC,2160p,17.43,0.0698,DV/HDR10,1.182,0.0,0.0,None,STARVED-BUT-CLEAN,EAC3 6ch,The.Wolf.of.Wall.Street.2013.2160p.PMTP.WEB-DL.DDP5.1.HDR.DV.HEVC-PiRaTeS/The.Wolf.of.Wall.Street.2013.2160p.PMTP.WEB-DL.DDP5.1.HDR.DV.HEVC-PiRaTeS.mkv
The Wolverine,2013,AV1,2160p,5.55,0.0428,DV/HDR10,0.631,0.0,0.0,None,STARVED-BUT-CLEAN,DTS 6ch,The.Wolverine.2013.Theatrical.Cut.2160p.AMZN.WEB.DV.HDR10.10.bit.Encode.AV1.DTS.5.1-R&H.mkv/The.Wolverine.2013.Theatrical.Cut.2160p.AMZN.WEB.DV.HDR10.10.bit.Encode.AV1.DTS.5.1-R&H.mkv
The.Usual.Suspects.1995-2160p.BluRay.HDR10.10.bit.Encode.AV1.DDP.5.1-R&H.mkv-xpost,0,AV1,2160p,5.13,0.047,HDR10,1.511,0.0,0.0,None,STARVED-BUT-CLEAN,EAC3 6ch,The.Usual.Suspects.1995-2160p.BluRay.HDR10.10.bit.Encode.AV1.DDP.5.1-R&H.mkv-xpost/The.Usual.Suspects.1995-2160p.BluRay.HDR10.10.bit.Encode.AV1.DDP.5.1-R&H.mkv-xpost.mkv
Toy Story,1995,HEVC,2160p,8.3,0.0737,DV/HDR10,0.285,0.0,0.0,None,STARVED-BUT-CLEAN,EAC3 6ch,Toy.Story.1995.2160p.DSNP.WEB-DL.DDPA.5.1.DV.HDR.H.265-PiRaTeS/Toy.Story.1995.2160p.DSNP.WEB-DL.DDPA.5.1.DV.HDR.H.265-PiRaTeS.mkv
Toy Story 3,2010,HEVC,2160p,10.42,0.0732,DV/HDR10,0.617,0.0,0.0,None,STARVED-BUT-CLEAN,EAC3 6ch,Toy.Story.3.2010.2160p.DSNP.WEB-DL.DDPA.5.1.DV.HDR.H.265-PiRaTeS/Toy.Story.3.2010.2160p.DSNP.WEB-DL.DDPA.5.1.DV.HDR.H.265-PiRaTeS.mkv
V.for.Vendetta.2005-2160p.BluRay.DV.HDR10.Encode.AV1.DTS.5.1-RandH,0,AV1,2160p,9.48,0.0515,DV/HDR10,0.174,0.0,0.0,None,STARVED-BUT-CLEAN,DTS 6ch,V.for.Vendetta.2005-2160p.BluRay.DV.HDR10.Encode.AV1.DTS.5.1-RandH/V.for.Vendetta.2005-2160p.BluRay.DV.HDR10.Encode.AV1.DTS.5.1-RandH.mkv
Your Name,2016,HEVC,2160p,9.96,0.0672,HDR10,0.02,0.0,0.0,psy-rd=0.40 rc=abr bitrate=12000 qcomp=0.60 aq-mode=3,STARVED-BUT-CLEAN,EAC3 6ch,Your Name 2016 UHD BluRay 2160p DDP 5 1 HDR x265-hallowed/Your Name 2016 UHD BluRay 2160p DDP 5 1 HDR x265-hallowed.mkv
