relative_path,title,year,codec,resolution,width,height,fps,duration_sec,size_gb,bitrate_kbps,bpp,status_flag,audio
12.Angry.Men.1957.PROPER.UHD.BluRay.2160p.AAC.2.0.DV.HDR.x265-hallowed/12.Angry.Men.1957.PROPER.UHD.BluRay.2160p.AAC.2.0.DV.HDR.x265-hallowed.mkv,12 Angry Men,1957,HEVC,2160p,3840,2076,24.0,5757.1,10.93,16309.3,0.0852,OPTIMAL,AAC 2ch
12.Years.a.Slave.2013.1080p.BluRay.DTS.x264-SbR/12.Years.a.Slave.2013.1080p.BluRay.DTS.x264-SbR.mkv,12 Years a Slave,2013,H264,1080p,1920,800,23.976,8050.09,15.43,16460.7,0.447,RES-ANOMALY,DTS 6ch
1917.2019.UHD.BluRay.2160p.TrueHD.7.1.Atmos.DV.HDR10+.AV1-RandH/1917.2019.UHD.BluRay.2160p.TrueHD.7.1.Atmos.DV.HDR10+.AV1-RandH.mkv,1917,2019,AV1,2160p,3840,2160,23.976,7139.49,9.61,11565.2,0.0582,OPTIMAL,TRUEHD 8ch
2001.A.Space.Odyssey.1968.UHD.BluRay.2160p.DDP.5.1.DV.HDR10Plus.x265-hallowed/2001.A.Space.Odyssey.1968.UHD.BluRay.2160p.DDP.5.1.DV.HDR10Plus.x265-hallowed.mkv,2001 A Space Odyssey,1968,HEVC,2160p,3840,1744,23.976,8929.3,17.37,16709.8,0.1041,OPTIMAL,EAC3 6ch
3.Idiots.2009.1080p.NF.WEB-DL.DDP5.1.AV1-Saon/3.Idiots.2009.1080p.NF.WEB-DL.DDP5.1.AV1-Saon.mkv,3 Idiots,2009,AV1,1080p,1920,1080,23.976,10293.44,2.73,2275.1,0.0458,RES-ANOMALY,EAC3 6ch
72 HOURS 2026 2160p NF WEB-DL DDP5 1 Atmos DV HDR H 265-FLUX/72 HOURS 2026 2160p NF WEB-DL DDP5 1 Atmos DV HDR H 265-FLUX.mkv,72 HOURS,2026,HEVC,2160p,3840,2160,24.0,6315.42,14.39,19571.5,0.0983,OPTIMAL,EAC3 6ch
A.Beautiful.Mind.2001.2160p.MA.WEB-DL.TrueHD.Atmos.7.1.DV.HDR10P.H.265-TheFarm/A.Beautiful.Mind.2001.2160p.MA.WEB-DL.TrueHD.Atmos.7.1.DV.HDR10P.H.265-TheFarm.mkv,A Beautiful Mind,2001,HEVC,2160p,3840,2160,23.976,8111.85,26.99,28583.9,0.1437,REFERENCE/HEAVY,TRUEHD 8ch
A.Clockwork.Orange.1971.REPACK.UHD.BluRay.2160p.DDP.5.1.DV.HDR.x265-hallowed/A.Clockwork.Orange.1971.REPACK.UHD.BluRay.2160p.DDP.5.1.DV.HDR.x265-hallowed.mkv,A Clockwork Orange,1971,HEVC,2160p,3584,2160,23.976,8195.52,17.95,18813.3,0.1014,OPTIMAL,EAC3 6ch
A.Royal.Affair.2012.1080p.BluRay.HBR.HEVC-HQ.Opus.5.1-MrTentsaw/A.Royal.Affair.2012.1080p.BluRay.HBR.HEVC-HQ.Opus.5.1-MrTentsaw.mkv,A Royal Affair,2012,HEVC,1080p,1920,816,23.976,8267.31,14.14,14695.5,0.3912,RES-ANOMALY,OPUS 6ch
A.Silent.Voice.2016.1080p.NF.WEB-DL.DDP5.1.AV1-Saon/A.Silent.Voice.2016.1080p.NF.WEB-DL.DDP5.1.AV1-Saon.mkv,A Silent Voice,2016,AV1,1080p,1920,1080,23.976,7774.5,1.94,2138.5,0.043,RES-ANOMALY,EAC3 6ch
Akira.1988.UHD.BluRay.2160p.DD.5.1.HDR.x265-BHDStudio.mp4-xpost/Akira.1988.UHD.BluRay.2160p.DD.5.1.HDR.x265-BHDStudio.mp4-xpost.mp4,Akira,1988,HEVC,2160p,3840,2072,23.976,7486.5,14.36,16479.9,0.0864,OPTIMAL,AC3 6ch
Alien.Theatrical.Cut.1979.2160p.UHD.HDR.Bluray.AV1.Opus.Multi6-dAV1nci.mkv-xpost/Alien.Theatrical.Cut.1979.2160p.UHD.HDR.Bluray.AV1.Opus.Multi6-dAV1nci.mkv,Alien Theatrical Cut,1979,AV1,2160p,3840,1600,23.976,6997.01,7.6,9328.3,0.0633,OPTIMAL,OPUS 6ch
Aliens.1986.Special.Edition-2160p.BluRay.DV.HDR10.TrueHD.Atmos.7.1.AV1-RandH/Aliens.1986.Special.Edition-2160p.BluRay.DV.HDR10.TrueHD.Atmos.7.1.AV1-RandH.mkv,Aliens,1986,AV1,2160p,3840,2076,23.976,9268.3,15.25,14134.3,0.0739,OPTIMAL,TRUEHD 8ch
All.About.Eve.1950.1080p.Bluray.FLAC1.0.x264-PTer/All.About.Eve.1950.1080p.Bluray.FLAC1.0.x264-PTer.mkv,All About Eve,1950,H264,1080p,1482,1080,23.976,8308.1,20.87,21577.1,0.5623,RES-ANOMALY,FLAC 1ch
Amadeus.1984.Theatrical.Cut.UHD.BluRay.2160p.DTS-HD.MA.5.1.DV.HDR.AV1-R and H/Amadeus.1984.Theatrical.Cut.UHD.BluRay.2160p.DTS-HD.MA.5.1.DV.HDR.AV1-R and H.mkv,Amadeus,1984,AV1,2160p,3840,2160,23.976,9602.64,11.41,10204.2,0.0513,OPTIMAL,DTS 6ch
American.Beauty.1999.1080p.BluRay.Opus.5.1.AV1-onlyfaffs/American.Beauty.1999.1080p.BluRay.Opus.5.1.AV1-onlyfaffs.mkv,American Beauty,1999,AV1,1080p,1920,1080,23.976,7299.98,3.49,4104.3,0.0826,RES-ANOMALY,OPUS 6ch
American.History.X.1998.BluRay.1080p.DDP.5.1.x264-hallowed/American.History.X.1998.BluRay.1080p.DDP.5.1.x264-hallowed.mkv,American History X,1998,H264,1080p,1920,1080,23.976,7133.44,10.53,12674.1,0.2549,RES-ANOMALY,EAC3 6ch
Autumn.Sonata.1978.1080p.BluRay.FLAC.1.0.x264-c0kE/Autumn.Sonata.1978.1080p.BluRay.FLAC.1.0.x264-c0kE.mkv,Autumn Sonata,1978,H264,1080p,1794,1080,24.0,5555.79,13.96,21580.9,0.4641,RES-ANOMALY,FLAC 1ch
Avengers.Infinity.War.2018.Bluray.2160p.AV1.HDR10.AC3.5.1-UH/Avengers.Infinity.War.2018.Bluray.2160p.AV1.HDR10.AC3.5.1-UH.mkv,Avengers Infinity War,2018,AV1,2160p,3840,1608,23.976,8961.96,14.38,13779.2,0.0931,REFERENCE/HEAVY,AC3 6ch
Avengers-Endgame-2019-IMAX-2160p DSNP WEB-DL Hybrid H265 DV HDR DDP Atmos 5.1 English-HONE-REPACK-/Avengers-Endgame-2019-IMAX-2160p DSNP WEB-DL Hybrid H265 DV HDR DDP Atmos 5.1 English-HONE-REPACK-.mkv,Avengers-Endgame-2019-IMAX-2160p DSNP WEB-DL Hybrid H265 DV HDR DDP Atmos 5.1 English-HONE-REPACK-,0,HEVC,2160p,3840,2160,23.976,10868.57,17.34,13706.8,0.0689,STARVED,EAC3 6ch
Back.to.the.Future.1985.2160p.UHD.BluRay.DD+5.1.DV.HDR.AV1-Smokindevil/Back.to.the.Future.1985.2160p.UHD.BluRay.DD+5.1.DV.HDR.AV1-Smokindevil.mkv,Back to the Future,1985,AV1,2160p,3840,2076,23.976,6962.29,13.4,16527.0,0.0865,REFERENCE/HEAVY,EAC3 6ch
Backrooms 2026 2160p iT WEB-DL DDP5 1 Atmos DV HDR H 265-BYNDR/Backrooms 2026 2160p iT WEB-DL DDP5 1 Atmos DV HDR H 265-BYNDR.mkv,Backrooms,2026,HEVC,2160p,3836,2072,23.976,6628.79,19.49,25261.2,0.1326,OPTIMAL,EAC3 6ch
Barry.Lyndon.1975.UHD.BluRay.2160p.DD.5.1.DV.HDR.x265-BHDStudio/Barry.Lyndon.1975.UHD.BluRay.2160p.DD.5.1.DV.HDR.x265-BHDStudio.mp4,Barry Lyndon,1975,HEVC,2160p,3588,2160,23.976,11113.76,21.58,16676.7,0.0897,OPTIMAL,AC3 6ch
Batman.Begins.2005.2160p.BluRay.DTS-HD.MA.5.1.DV.HDR.AV1-R and H/Batman.Begins.2005.2160p.BluRay.DTS-HD.MA.5.1.DV.HDR.AV1-R and H.mkv,Batman Begins,2005,AV1,2160p,3840,2160,23.976,8403.9,14.41,14733.2,0.0741,OPTIMAL,DTS 6ch
Batman.Mask.of.the.Phantasm.1993.UHD.BluRay.2160p.DD.5.1.DV.HDR.x265-BHDStudio/Batman.Mask.of.the.Phantasm.1993.UHD.BluRay.2160p.DD.5.1.DV.HDR.x265-BHDStudio.mp4,Batman Mask of the Phantasm,1993,HEVC,2160p,3840,2076,23.976,4587.79,8.89,16642.4,0.0871,OPTIMAL,AC3 6ch
Before.Sunrise.1995.1080p.NF.WEB-DL.AAC2.0.AV1-Saon/Before.Sunrise.1995.1080p.NF.WEB-DL.AAC2.0.AV1-Saon.mkv,Before Sunrise,1995,AV1,1080p,1920,1080,23.976,6051.88,4.71,6678.6,0.1343,RES-ANOMALY,AAC 2ch
Before.Sunset.2004.1080p.NF.WEB-DL.DDP5.1.AV1-Saon/Before.Sunset.2004.1080p.NF.WEB-DL.DDP5.1.AV1-Saon.mkv,Before Sunset,2004,AV1,1080p,1920,1080,23.976,4814.98,4.77,8511.8,0.1712,RES-ANOMALY,EAC3 6ch
Ben-Hur.1959.RM.MULTi.VFi.2160p.DV.BluRay.4K.AC3.AV1-TiFou/Ben-Hur.1959.RM.MULTi.VFi.2160p.DV.BluRay.4K.AC3.AV1-TiFou.mkv,Ben-Hur,1959,AV1,2160p,3840,1392,23.976,12973.38,36.5,24168.4,0.1886,REFERENCE/HEAVY,AC3 6ch
Blackhats.2015.1080p.AMZN.WEB-DL.DDP.2.0.H.264-PiRaTeS/Blackhats.2015.1080p.AMZN.WEB-DL.DDP.2.0.H.264-PiRaTeS.mkv,Blackhats,2015,H264,1080p,1920,1080,23.976,6299.49,9.07,12367.5,0.2488,RES-ANOMALY,EAC3 2ch
Blade.Runner.1982.The.Final.Cut.UHD.BluRay.2160p.DDP.7.1.DV.HDR.x265-hallowed/Blade.Runner.1982.The.Final.Cut.UHD.BluRay.2160p.DDP.7.1.DV.HDR.x265-hallowed.mkv,Blade Runner,1982,HEVC,2160p,3840,1600,23.976,7051.39,13.82,16831.9,0.1143,OPTIMAL,EAC3 8ch
Blue.Valentine.2010.1080p.ROKU.WEB-DL.DD.5.1.H.264-PiRaTeS/Blue.Valentine.2010.1080p.ROKU.WEB-DL.DD.5.1.H.264-PiRaTeS.mkv,Blue Valentine,2010,H264,1080p,1920,1080,23.976,6724.19,3.79,4838.2,0.0973,RES-ANOMALY,AC3 6ch
Braveheart.1995-2160p.BluRay.HDR10.10.bit.Encode.AV1.DD5.1-RandH/Braveheart.1995-2160p.BluRay.HDR10.10.bit.Encode.AV1.DD5.1-RandH.mkv,Braveheart.1995-2160p.BluRay.HDR10.10.bit.Encode.AV1.DD5.1-RandH,0,AV1,2160p,3840,1636,23.976,10662.4,11.09,8930.9,0.0593,OPTIMAL,AC3 6ch
Bu.Liu.Huo.Kou.2026.2160p.WEB-DL.H.265.HDR.DDP2.0.2Audios-HHWEB/Bu.Liu.Huo.Kou.2026.2160p.WEB-DL.H.265.HDR.DDP2.0.2Audios-HHWEB.mkv,Bu Liu Huo Kou,2026,HEVC,2160p,3840,1632,25.0,5212.72,5.22,8606.8,0.0549,STARVED,AAC 2ch
Capernaum.2018.1080p.NF.WEB-DL.DDP5.1.AV1-Saon/Capernaum.2018.1080p.NF.WEB-DL.DDP5.1.AV1-Saon.mkv,Capernaum,2018,AV1,1080p,1920,1080,24.0,7582.5,1.43,1618.0,0.0325,RES-ANOMALY,EAC3 6ch
Casablanca.1942.2160p.MAX.WEB-DL.DDP.2.0.DV.HDR.H.265-PiRaTeS/Casablanca.1942.2160p.MAX.WEB-DL.DDP.2.0.DV.HDR.H.265-PiRaTeS.mkv,Casablanca,1942,HEVC,2160p,2960,2160,23.976,6152.8,15.85,22127.0,0.1443,REFERENCE/HEAVY,EAC3 2ch
Casino.1995.2160p.PCOK.WEB-DL.DDP.5.1.HDR.H.265-PiRaTeS/Casino.1995.2160p.PCOK.WEB-DL.DDP.5.1.HDR.H.265-PiRaTeS.mkv,Casino,1995,HEVC,2160p,3840,2160,23.976,10694.78,19.2,15425.2,0.0776,STARVED,EAC3 6ch
Cast.Away.2000.2160p.WEB-DL.DTS-HD.MA.5.1.DV.HDR10+.H.265-XEBEC/Cast.Away.2000.2160p.WEB-DL.DTS-HD.MA.5.1.DV.HDR10+.H.265-XEBEC.mkv,Cast Away,2000,HEVC,2160p,3840,2074,23.976,8626.28,29.18,29055.8,0.1522,REFERENCE/HEAVY,DTS 6ch
Catch.Me.If.You.Can.2002.UHD.BluRay.2160p.DDP.5.1.DV.HDR10Plus.x265-hallowed.mkv/Catch.Me.If.You.Can.2002.UHD.BluRay.2160p.DDP.5.1.DV.HDR10Plus.x265-hallowed.mkv,Catch Me If You Can,2002,HEVC,2160p,3840,2160,23.976,8443.48,18.51,18835.8,0.0947,OPTIMAL,EAC3 6ch
Chainsaw Man The Movie Reze Arc 2025 REPACK 2160p MA WEB-DL DUAL DDP5 1 Atmos DV HDR10P H 265-BYNDR/Chainsaw Man The Movie Reze Arc 2025 REPACK 2160p MA WEB-DL DUAL DDP5 1 Atmos DV HDR10P H 265-BYNDR.mkv,Chainsaw Man The Movie Reze Arc,2025,HEVC,2160p,3840,2160,23.976,5999.49,17.91,25640.0,0.1289,OPTIMAL,EAC3 6ch
Children.of.Heaven.1997.1080p.BluRay.FLAC2.0.x264-VietHD/Children.of.Heaven.1997.1080p.BluRay.FLAC2.0.x264-VietHD.mkv,Children of Heaven,1997,H264,1080p,1920,1080,23.976,5277.01,12.84,20899.0,0.4204,RES-ANOMALY,FLAC 2ch
Chinatown.1974.2160p.PMTP.WEB-DL.DDP.5.1.DV.HDR.H.265-PiRaTeS/Chinatown.1974.2160p.PMTP.WEB-DL.DDP.5.1.DV.HDR.H.265-PiRaTeS.mkv,Chinatown,1974,HEVC,2160p,3840,2160,23.976,7829.89,13.17,14449.1,0.0727,STARVED,EAC3 6ch
Cinema.Paradiso.1988.Theatrical.Cut.UHD.BluRay.2160p.DD.5.1.DV.HDR.x265-BHDStudio/Cinema.Paradiso.1988.Theatrical.Cut.UHD.BluRay.2160p.DD.5.1.DV.HDR.x265-BHDStudio.mp4,Cinema Paradiso,1988,HEVC,2160p,3580,2160,23.976,7375.14,14.31,16672.6,0.0899,OPTIMAL,AC3 6ch
Citizen.Kane.1941.2160p.iT.WEB-DL.Hybrid.H265.DV.HDR10+.DDP.2.0.English-HONE/Citizen.Kane.1941.2160p.iT.WEB-DL.Hybrid.H265.DV.HDR10+.DDP.2.0.English-HONE.mkv,Citizen Kane,1941,HEVC,2160p,2960,2160,23.976,7163.2,20.95,25122.4,0.1639,REFERENCE/HEAVY,EAC3 2ch
City Lights 1931 1080p BluRay FLAC1 0 x264-CtrlHD/City Lights 1931 1080p BluRay FLAC1 0 x264-CtrlHD.mkv,City Lights,1931,H264,1080p,1288,1080,23.976,5207.24,11.0,18142.0,0.544,RES-ANOMALY,FLAC 1ch
City.of.God.2002.BluRay.1080p.DDP.5.1.x264-hallowed/City.of.God.2002.BluRay.1080p.DDP.5.1.x264-hallowed.mkv,City of God,2002,H264,1080p,1920,1080,23.976,7768.77,11.44,12645.3,0.2543,RES-ANOMALY,EAC3 6ch
Coco-2017-2160p DSNP WEB-DL Hybrid H265 DV HDR DDP Atmos 5.1 English-HONE-/Coco-2017-2160p DSNP WEB-DL Hybrid H265 DV HDR DDP Atmos 5.1 English-HONE-.mkv,Coco-2017-2160p DSNP WEB-DL Hybrid H265 DV HDR DDP Atmos 5.1 English-HONE-,0,HEVC,2160p,3840,2160,23.976,6299.42,12.7,17313.5,0.0871,OPTIMAL,EAC3 6ch
Come.And.See.1985.1080p.BluRay.DD+3.1.X264-ZQ/Come.And.See.1985.1080p.BluRay.DD+3.1.X264-ZQ.mkv,Come And See,1985,H264,1080p,1476,1080,24.0,8569.12,25.06,25119.2,0.6566,RES-ANOMALY,EAC3 4ch
Dangal.2016.1080p.BluRay.DD5.1.x264-playHD/Dangal.2016.1080p.BluRay.DD5.1.x264-playHD.mkv,Dangal,2016,H264,1080p,1920,804,24.0,9653.84,18.14,16144.1,0.4358,RES-ANOMALY,AC3 6ch
Dark.Phoenix.2019.2160p.UHD.BluRay.TrueHD.7.1.HDR.x265-CtrlHD/Dark.Phoenix.2019.2160p.UHD.BluRay.TrueHD.7.1.HDR.x265-CtrlHD.mkv,Dark Phoenix,2019,HEVC,2160p,3840,1608,23.976,6836.16,20.41,25646.0,0.1732,REFERENCE/HEAVY,TRUEHD 8ch
Das.Boot.1981.Directors.Cut.German.DL.1080p.BDRip.AV1-WOTT/Das.Boot.1981.Directors.Cut.German.DL.1080p.BDRip.AV1-WOTT.mkv,Das Boot,1981,AV1,1080p,1920,1080,23.976,12488.64,19.97,13732.5,0.2762,RES-ANOMALY,DTS 6ch
Dead.Poets.Society.1989.BluRay.1080p.DDP.5.1.x264-hallowed/Dead.Poets.Society.1989.BluRay.1080p.DDP.5.1.x264-hallowed.mkv,Dead Poets Society,1989,H264,1080p,1920,1040,23.976,7808.74,11.45,12592.6,0.263,RES-ANOMALY,EAC3 6ch
Demon.Slayer.Kimetsu.no.Yaiba.Infinity.Castle.2025.1080p.BluRay.EAC3.AV1-TiZU/Demon.Slayer.Kimetsu.no.Yaiba.Infinity.Castle.2025.1080p.BluRay.EAC3.AV1-TiZU.mkv,Demon Slayer Kimetsu no Yaiba Infinity Castle,2025,AV1,1080p,1920,1080,23.976,9295.84,7.04,6508.2,0.1309,RES-ANOMALY,EAC3 6ch
Det.Sjunde.Inseglet.1957.2160p.UHD.BluRay.FLAC.1.0.DV.x265-W4NK3R-xpost/Det.Sjunde.Inseglet.1957.2160p.UHD.BluRay.FLAC.1.0.DV.x265-W4NK3R-xpost.mkv,Det Sjunde Inseglet,1957,HEVC,2160p,2972,2160,24.0,5831.2,32.95,48540.2,0.3151,REFERENCE/HEAVY,FLAC 1ch
Dial.M.for.Murder.1954.1080p.BluRay.FLAC.x264-EA/Dial.M.for.Murder.1954.1080p.BluRay.FLAC.x264-EA.mkv,Dial M for Murder,1954,H264,1080p,1920,1080,23.976,6324.32,15.01,20393.3,0.4102,RES-ANOMALY,FLAC 1ch
Die.fabelhafte.Welt.der.Amelie.2001.German.DTS.DL.1080p.BDRip.AV1-WOTT/Die.fabelhafte.Welt.der.Amelie.2001.German.DTS.DL.1080p.BDRip.AV1-WOTT.mkv,Die fabelhafte Welt der Amelie,2001,AV1,1080p,1920,1080,24.0,7339.14,7.7,9014.4,0.1811,RES-ANOMALY,EAC3 6ch
Die.Hard.1988.2160p.BluRay.DTS-HD.MA.5.1.HDR10.AV1-RandH/Die.Hard.1988.2160p.BluRay.DTS-HD.MA.5.1.HDR10.AV1-RandH.mkv,Die Hard,1988,AV1,2160p,3840,2160,23.976,7926.92,12.19,13209.2,0.0664,OPTIMAL,DTS 6ch
Die.My.Love.2025.UHD.BluRay.2160p.DDP.5.1.HDR10+.x265-hallowed/Die.My.Love.2025.UHD.BluRay.2160p.DDP.5.1.HDR10+.x265-hallowed.mkv,Die My Love,2025,HEVC,2160p,2880,2160,24.0,7126.0,15.51,18699.0,0.1252,OPTIMAL,EAC3 6ch
Disclosure Day 2026 HYBRID 2160p MA WEB-DL DDP5 1 Atmos DV HDR10P H 265-BYNDR/Disclosure Day 2026 HYBRID 2160p MA WEB-DL DDP5 1 Atmos DV HDR10P H 265-BYNDR.mkv,Disclosure Day,2026,HEVC,2160p,3840,2160,23.976,8738.56,24.68,24259.6,0.122,OPTIMAL,EAC3 6ch
Django.Unchained.2012.1080p.BluRay.Opus.5.1.AV1-onlyfaffs/Django.Unchained.2012.1080p.BluRay.Opus.5.1.AV1-onlyfaffs.mkv,Django Unchained,2012,AV1,1080p,1920,1080,23.976,9922.91,4.21,3647.4,0.0734,RES-ANOMALY,OPUS 6ch
Double.Indemnity.1944.1080p.Bluray.OPUS.1.0.AV1-WhiskeyJack/Double.Indemnity.1944.1080p.Bluray.OPUS.1.0.AV1-WhiskeyJack.mkv,Double Indemnity,1944,AV1,1080p,1920,1461,23.976,6475.15,5.3,7030.3,0.1045,RES-ANOMALY,OPUS 1ch
Downfall.2004.UHD.BluRay.2160p.DDP.5.1.HDR.x265-hallowed/Downfall.2004.UHD.BluRay.2160p.DDP.5.1.HDR.x265-hallowed.mkv,Downfall,2004,HEVC,2160p,3840,2076,24.0,9312.96,20.25,18675.4,0.0976,OPTIMAL,EAC3 6ch
Dr.Strangelove.Or.How.I.Learned.To.Stop.Worrying.And.Love.The.Bomb.1964.2160p.UHD.BluRay.DTS-HD.MA.5.1.HDR.x265-CtrlHD-xpost/Dr.Strangelove.or.How.I.Learned.to.Stop.Worrying.1964.2160p.UHD.BluRay.DTS-HD.MA.5.1.HDR.x265-CtrlHD.mkv,Dr Strangelove Or How I Learned To Stop Worrying And Love The Bomb,1964,HEVC,2160p,3588,2160,23.976,5685.69,28.15,42533.6,0.2289,REFERENCE/HEAVY,DTS 6ch
Dune.Part.Two.2024.UHD.BluRay.2160p.TrueHD.Atmos.7.1.DV.HDR.AV1-CoSMiCSuRFeR/Dune.Part.Two.2024.UHD.BluRay.2160p.TrueHD.Atmos.7.1.DV.HDR.AV1-CoSMiCSuRFeR.mkv,Dune Part Two,2024,AV1,2160p,3840,1608,23.976,9949.02,20.97,18104.7,0.1223,REFERENCE/HEAVY,TRUEHD 8ch
Easy.A.2010.1080p.BluRay.AV1.Opus.5.1-onlyfaffs/Easy.A.2010.1080p.BluRay.AV1.Opus.5.1-onlyfaffs.mkv,Easy A,2010,AV1,1080p,1920,1080,23.976,5544.52,2.66,4114.8,0.0828,RES-ANOMALY,OPUS 6ch
Eternal.Sunshine.of.the.Spotless.Mind.2004.2160p.UHD.BluRay.DTS-HD.MA.5.1.DoVi.HDR.x265-PTer/Eternal.Sunshine.of.the.Spotless.Mind.2004.2160p.UHD.BluRay.DTS-HD.MA.5.1.DoVi.HDR.x265-PTer.mkv,Eternal Sunshine of the Spotless Mind,2004,HEVC,2160p,3840,2076,24.0,6465.72,27.84,36989.1,0.1933,REFERENCE/HEAVY,DTS 6ch
Extraction.2.2023.2160p.NF.WEB-DL.DDP5.1.Atmos.DV.HDR.H.265-FLUX/Extraction.2.2023.2160p.NF.WEB-DL.DDP5.1.Atmos.DV.HDR.H.265-FLUX.mkv,Extraction 2,2023,HEVC,2160p,3840,2160,24.0,7437.62,17.09,19740.0,0.0992,OPTIMAL,EAC3 6ch
F1.2025.2160p.BluRay.TrueHD.7.1.Atmos.DV.HDR10+.AV1-R and H/F1.2025.2160p.BluRay.TrueHD.7.1.Atmos.DV.HDR10+.AV1-R and H.mkv,F1,2025,AV1,2160p,3840,2160,23.976,9318.31,13.04,12017.2,0.0604,OPTIMAL,TRUEHD 8ch
Fargo.1996.2160p.UHD.BluRay.DTS-HD.MA.5.1.DV.HDR.AV1-RandH/Fargo.1996.2160p.UHD.BluRay.DTS-HD.MA.5.1.DV.HDR.AV1-RandH.mkv,Fargo,1996,AV1,2160p,3840,2160,23.976,5894.86,9.3,13553.1,0.0682,OPTIMAL,DTS 6ch
Fight.Club.1999.UHD.BluRay.2160p.DDP.5.1.DV.HDR10+.x265-hallowed/Fight.Club.1999.UHD.BluRay.2160p.DDP.5.1.DV.HDR10+.x265-hallowed.mkv,Fight Club,1999,HEVC,2160p,3840,1600,23.976,8348.55,18.25,18778.3,0.1275,OPTIMAL,EAC3 6ch
Finding.Nemo.2003.2160p.DSNP.WEB-DL.DDP5.1.Atmos.DV.HDR.H.265-Kitsune/Finding.Nemo.2003.2160p.DSNP.WEB-DL.DDP5.1.Atmos.DV.HDR.H.265-Kitsune.mkv,Finding Nemo,2003,HEVC,2160p,3840,2160,23.976,6053.22,9.66,13714.3,0.069,STARVED,EAC3 6ch
For.a.Few.Dollars.More.1965.UHD.BluRay.2160p.DD.5.1.DV.HDR.x265-BHDStudio/For.a.Few.Dollars.More.1965.UHD.BluRay.2160p.DD.5.1.DV.HDR.x265-BHDStudio.mp4,For a Few Dollars More,1965,HEVC,2160p,3840,1632,23.976,7935.18,15.41,16680.8,0.111,OPTIMAL,AC3 6ch
Ford v Ferrari (2019) (2160p MA WEB-DL Hybrid H265 DV HDR DDP Atmos 5.1 English - HONE)/Ford v Ferrari (2019) (2160p MA WEB-DL Hybrid H265 DV HDR DDP Atmos 5.1 English - HONE).mkv,Ford v Ferrari (2019) (2160p MA WEB-DL Hybrid H265 DV HDR DDP Atmos 5.1 English - HONE),0,HEVC,2160p,3840,2160,23.976,9153.52,27.31,25629.1,0.1289,OPTIMAL,EAC3 6ch
Forrest.Gump.1994.UHD.BluRay.2160p.TrueHD.7.1.Atmos.DV.HDR.AV1-RandH/Forrest.Gump.1994.UHD.BluRay.2160p.TrueHD.7.1.Atmos.DV.HDR.AV1-RandH.mkv,Forrest Gump,1994,AV1,2160p,3840,2160,23.976,8528.44,12.37,12454.9,0.0626,OPTIMAL,TRUEHD 8ch
Full.Metal.Jacket.1987.UHD.BluRay.2160p.DTS-HD.MA.5.1.HDR10.AV1-RandH/Full.Metal.Jacket.1987.UHD.BluRay.2160p.DTS-HD.MA.5.1.HDR10.AV1-RandH.mkv,Full Metal Jacket,1987,AV1,2160p,3840,2160,23.976,6993.29,8.96,11002.1,0.0553,OPTIMAL,DTS 6ch
Fury.2014.2160p.UHD.BluRay.DV.HDR10.TrueHD.7.1.Atmos.AV1-Smokindevil/Fury.2014.2160p.UHD.BluRay.DV.HDR10.TrueHD.7.1.Atmos.AV1-Smokindevil.mkv,Fury,2014,AV1,2160p,3840,1606,23.976,8081.2,9.9,10518.5,0.0711,OPTIMAL,TRUEHD 8ch
Ghost.in.the.Shell.1995.REPACK.UHD.BluRay.2160p.DDP.Atmos.5.1.DV.HDR.x265-hallowed/Ghost.in.the.Shell.1995.REPACK.UHD.BluRay.2160p.DDP.Atmos.5.1.DV.HDR.x265-hallowed.mkv,Ghost in the Shell,1995,HEVC,2160p,3840,2074,23.976,4958.95,9.34,16185.8,0.0848,OPTIMAL,EAC3 6ch
Gladiator.2000.Bluray.2160p.AV1.HDR10.OPUS.7.1-UH/Gladiator.2000.Bluray.2160p.AV1.HDR10.OPUS.7.1-UH.mkv,Gladiator,2000,AV1,2160p,3840,1600,23.976,10256.52,12.42,10400.4,0.0706,OPTIMAL,OPUS 8ch
Gone.Girl.2014.BluRay.1080p.DDP.5.1.x264-hallowed/Gone.Girl.2014.BluRay.1080p.DDP.5.1.x264-hallowed.mkv,Gone Girl,2014,H264,1080p,1920,800,23.976,8941.93,11.11,10677.3,0.2899,RES-ANOMALY,EAC3 6ch
Gone.with.the.Wind.1939.75thAnniversary.Edition.Repack.1080p.BluRay.DDP5.1.x264-PTer/Gone.with.the.Wind.1939.75thAnniversary.Edition.Repack.1080p.BluRay.DDP5.1.x264-PTer.mkv,Gone with the Wind,1939,H264,1080p,1480,1080,23.976,13840.53,31.76,19709.0,0.5143,RES-ANOMALY,EAC3 6ch
Good.Will.Hunting.1997.1080p.Bluray.AV1.Opus.5.1-heTOrico/Good.Will.Hunting.1997.1080p.Bluray.AV1.Opus.5.1-heTOrico.mkv,Good Will Hunting,1997,AV1,1080p,1920,1040,23.976,7593.02,2.2,2490.1,0.052,RES-ANOMALY,OPUS 6ch
Goodfellas.1990.UHD.BluRay.2160p.DDP.5.1.DV.HDR.x265-hallowed/Goodfellas.1990.UHD.BluRay.2160p.DDP.5.1.DV.HDR.x265-hallowed.mkv,Goodfellas,1990,HEVC,2160p,3840,2160,23.976,8721.76,17.06,16799.8,0.0845,OPTIMAL,EAC3 6ch
Gran.Torino.2008.1080p.BluRay.x264-DON/Gran.Torino.2008.1080p.BluRay.x264-DON.mkv,Gran Torino,2008,H264,1080p,1920,800,23.976,7000.64,8.75,10740.1,0.2916,RES-ANOMALY,AC3 6ch
Grand.Theft.Auto.VI.An.Extended.Look.2026.2160p.NF.WEB-DL.DDP5.1.H.265-FLUX/Grand.Theft.Auto.VI.An.Extended.Look.2026.2160p.NF.WEB-DL.DDP5.1.H.265-FLUX.mkv,Grand Theft Auto VI An Extended Look,2026,HEVC,2160p,3840,2160,30.0,1609.77,2.36,12608.3,0.0507,STARVED,EAC3 6ch
Grave.of.the.Fireflies.1988.1080p.BluRay.Opus.AV1-TiZU/Grave.of.the.Fireflies.1988.1080p.BluRay.Opus.AV1-TiZU.mkv,Grave of the Fireflies,1988,AV1,1080p,1920,1080,23.976,5314.01,3.3,5328.8,0.1072,RES-ANOMALY,OPUS 2ch
Green.Book.2018-2160p.BluRay.HDR10.Encode.AV1.DTS.5.1-RandH/Green.Book.2018-2160p.BluRay.HDR10.Encode.AV1.DTS.5.1-RandH.mkv,Green.Book.2018-2160p.BluRay.HDR10.Encode.AV1.DTS.5.1-RandH,0,AV1,2160p,3838,1918,23.976,7804.01,8.05,8863.4,0.0502,OPTIMAL,DTS 6ch
Greenland.2020.UHD.BluRay.2160p.DDP.Atmos.5.1.HDR.x265-hallowed/Greenland.2020.UHD.BluRay.2160p.DDP.Atmos.5.1.HDR.x265-hallowed.mkv,Greenland,2020,HEVC,2160p,3840,1604,23.976,7169.7,15.93,19087.2,0.1292,OPTIMAL,EAC3 6ch
Greenland.2.Migration.2026.UHD.BluRay.2160p.DDP.Atmos.5.1.HDR.x265-hallowed/Greenland.2.Migration.2026.UHD.BluRay.2160p.DDP.Atmos.5.1.HDR.x265-hallowed.mkv,Greenland 2 Migration,2026,HEVC,2160p,3840,1608,23.976,5878.87,13.05,19065.6,0.1288,OPTIMAL,EAC3 6ch
Hachiko.Eine.wunderbare.Freundschaft.2009.German.DL.AC3.1080p.BluRay.AV1-Bi0hazard/Hachiko.Eine.wunderbare.Freundschaft.2009.German.DL.AC3.1080p.BluRay.AV1-Bi0hazard.mkv,Hachiko Eine wunderbare Freundschaft,2009,AV1,1080p,1920,1040,23.976,5575.78,3.37,5194.4,0.1085,RES-ANOMALY,AC3 6ch
Hacksaw.Ridge.2016-2160p.BluRay.DV.HDR10.TrueHD.Atmos.7.1.AV1-RandH/Hacksaw.Ridge.2016-2160p.BluRay.DV.HDR10.TrueHD.Atmos.7.1.AV1-RandH.mkv,Hacksaw.Ridge.2016-2160p.BluRay.DV.HDR10.TrueHD.Atmos.7.1.AV1-RandH,0,AV1,2160p,3840,2160,23.976,8359.42,13.05,13410.5,0.0674,OPTIMAL,TRUEHD 8ch
Hamilton.2025.UHD.BluRay.2160p.DDP.Atmos.5.1.DV.HDR.x265-hallowed/Hamilton.2025.UHD.BluRay.2160p.DDP.Atmos.5.1.DV.HDR.x265-hallowed.mkv,Hamilton,2025,HEVC,2160p,3840,2076,23.976,9618.32,21.52,19220.1,0.1006,OPTIMAL,EAC3 6ch
Harry.Potter.and.the.Deathly.Hallows.Part.2.2011.2160p.BluRay.DTS-X.7.1.DV.HDR.AV1-RandH/Harry.Potter.and.the.Deathly.Hallows.Part.2.2011.2160p.BluRay.DTS-X.7.1.DV.HDR.AV1-RandH.mkv,Harry Potter and the Deathly Hallows Part 2,2011,AV1,2160p,3840,2160,23.976,7826.28,10.49,11519.0,0.0579,OPTIMAL,DTS 8ch
Heat.1995.REPACK.UHD.BluRay.2160p.DDP.5.1.HDR.x265-hallowed/Heat.1995.REPACK.UHD.BluRay.2160p.DDP.5.1.HDR.x265-hallowed.mkv,Heat,1995,HEVC,2160p,3840,1600,23.976,10217.92,22.27,18721.9,0.1271,OPTIMAL,EAC3 6ch
High.and.Low.1963.1080p.BluRay.FLAC2.0.x264-ZoroSenpai/High.and.Low.1963.1080p.BluRay.FLAC2.0.x264-ZoroSenpai.mkv,High and Low,1963,H264,1080p,1920,804,23.976,8610.43,24.67,24614.7,0.6651,RES-ANOMALY,FLAC 2ch
Hoosiers.1986.1080p.AMZN.WEB-DL.DDP.5.1.H.264-PiRaTeS/Hoosiers.1986.1080p.AMZN.WEB-DL.DDP.5.1.H.264-PiRaTeS.mkv,Hoosiers,1986,H264,1080p,1920,1040,23.976,6911.58,11.88,14763.7,0.3084,RES-ANOMALY,EAC3 6ch
Hotel.Rwanda.2004.1080p.BluRay.AC3.x264.D-Z0N3/Hotel.Rwanda.2004.1080p.BluRay.AC3.x264.D-Z0N3.mkv,Hotel Rwanda,2004,H264,1080p,1920,816,23.976,7311.21,16.9,19850.9,0.5285,RES-ANOMALY,AC3 6ch
How.to.Train.Your.Dragon.2010.2160p.PCOK.WEB-DL.DDP.5.1.HDR.H.265-PiRaTeS/How.to.Train.Your.Dragon.2010.2160p.PCOK.WEB-DL.DDP.5.1.HDR.H.265-PiRaTeS.mkv,How to Train Your Dragon,2010,HEVC,2160p,3840,2160,23.976,5891.14,10.56,15399.1,0.0774,STARVED,EAC3 6ch
Howls.Moving.Castle.2004.1080p.BluRay.Opus.AV1-TiZU/Howls.Moving.Castle.2004.1080p.BluRay.Opus.AV1-TiZU.mkv,Howls Moving Castle,2004,AV1,1080p,1920,1080,23.976,7167.24,4.91,5885.3,0.1184,RES-ANOMALY,OPUS 6ch
I Swear 2025 2160p iT WEB-DL DDP5 1 DV HDR H 265-MADSKY/I Swear 2025 2160p iT WEB-DL DDP5 1 DV HDR H 265-MADSKY.mkv,I Swear,2025,HEVC,2160p,3836,2072,24.0,7243.5,21.29,25250.3,0.1324,OPTIMAL,EAC3 6ch
Ikiru.1952.1080p.BluRay.FLAC1.0.x264-ZoroSenpai/Ikiru.1952.1080p.BluRay.FLAC1.0.x264-ZoroSenpai.mkv,Ikiru,1952,H264,1080p,1482,1080,23.976,8568.27,21.12,21171.1,0.5517,RES-ANOMALY,FLAC 1ch
Incendies.2010.2160p.BluRay.DTS-HD.MA.5.1.DV.HDR10.x265-MainFrame/Incendies.2010.2160p.BluRay.DTS-HD.MA.5.1.DV.HDR10.x265-MainFrame.mkv,Incendies,2010,HEVC,2160p,3840,2076,24.0,7839.5,34.62,37939.2,0.1983,REFERENCE/HEAVY,DTS 6ch
Inception.2010.Bluray.2160p.AV1.HDR10.AC3.5.1-UH/Inception.2010.Bluray.2160p.AV1.HDR10.AC3.5.1-UH.mkv,Inception,2010,AV1,2160p,3840,1600,23.976,8888.3,8.48,8197.4,0.0556,OPTIMAL,AC3 6ch
Indiana.Jones.and.the.Last.Crusade.1989.2160p.BluRay.TrueHD.Atmos.7.1.DV.HDR.AV1-RandH/Indiana.Jones.and.the.Last.Crusade.1989.2160p.BluRay.TrueHD.Atmos.7.1.DV.HDR.AV1-RandH.mkv,Indiana Jones and the Last Crusade,1989,AV1,2160p,3840,2160,23.976,7611.9,11.45,12920.9,0.065,OPTIMAL,TRUEHD 8ch
Indiana Jones and the Raiders of the Lost Ark 1981 2160p BluRay TrueHD Atmos 7 1 DV HDR AV1-RandH/Indiana Jones and the Raiders of the Lost Ark 1981 2160p BluRay TrueHD Atmos 7 1 DV HDR AV1-RandH.mkv,Indiana Jones and the Raiders of the Lost Ark,1981,AV1,2160p,3840,2160,23.976,6918.08,10.16,12619.8,0.0635,OPTIMAL,TRUEHD 8ch
Inglourious.Basterds.2009.2160p.UHD.BluRay.HDR10.DTS-HD.MA.5.1.AV1-Smokindevil/Inglourious.Basterds.2009.2160p.UHD.BluRay.HDR10.DTS-HD.MA.5.1.AV1-Smokindevil.mkv,Inglourious Basterds,2009,AV1,2160p,3840,1600,23.976,9172.84,11.35,10631.4,0.0722,OPTIMAL,DTS 6ch
Inside.Out.2015.2160p.DSNP.WEB-DL.DDPA.5.1.DV.HDR.H.265-PiRaTeS/Inside.Out.2015.2160p.DSNP.WEB-DL.DDPA.5.1.DV.HDR.H.265-PiRaTeS.mkv,Inside Out,2015,HEVC,2160p,3840,2160,23.976,5676.45,9.55,14445.5,0.0726,STARVED,EAC3 6ch
Interstellar 2014 2160p BluRay DTS-HD MA 5 1 DV HDR AV1-RandH/Interstellar 2014 2160p BluRay DTS-HD MA 5 1 DV HDR AV1-RandH.mkv,Interstellar,2014,AV1,2160p,3840,2160,23.976,10144.22,16.59,14050.5,0.0707,OPTIMAL,DTS 6ch
Its.a.Wonderful.Life.1946.UHD.BluRay.2160p.AAC.2.0.DV.HDR.x265-hallowed/Its.a.Wonderful.Life.1946.UHD.BluRay.2160p.AAC.2.0.DV.HDR.x265-hallowed.mkv,Its a Wonderful Life,1946,HEVC,2160p,2964,2160,23.976,7832.47,14.83,16262.8,0.1059,OPTIMAL,AAC 2ch
Jack.Reacher.2012.2160p.BluRay.DTS-HD.MA.7.1.DV.HDR.AV1-RandH/Jack.Reacher.2012.2160p.BluRay.DTS-HD.MA.7.1.DV.HDR.AV1-RandH.mkv,Jack Reacher,2012,AV1,2160p,3840,2160,23.976,7824.48,12.34,13547.5,0.0681,OPTIMAL,DTS 8ch
Jai.Bhim.2021.2160p.AMZN.WEB-DL.DD+5.1.HDR.H.265-playWEB/Jai.Bhim.2021.2160p.AMZN.WEB-DL.DD+5.1.HDR.H.265-playWEB.mkv,Jai Bhim,2021,HEVC,2160p,3840,1600,24.0,9843.0,17.71,15456.9,0.1048,OPTIMAL,EAC3 6ch
Jaws.1975.2160p.PCOK.WEB-DL.DDP5.1.Atmos.DV.HDR.H.265-Kitsune/Jaws.1975.2160p.PCOK.WEB-DL.DDP5.1.Atmos.DV.HDR.H.265-Kitsune.mkv,Jaws,1975,HEVC,2160p,3840,2160,23.976,7519.62,13.76,15716.5,0.079,STARVED,EAC3 6ch
Jodaeiye Nader az Simin 2011 1080p BluRay DD3.0 x264-EA/Jodaeiye Nader az Simin 2011 1080p BluRay DD3.0 x264-EA.mkv,Jodaeiye Nader az Simin,2011,H264,1080p,1920,1040,23.976,7385.41,16.71,19433.6,0.4059,RES-ANOMALY,AC3 3ch
John.Wick.2014.UHD.BluRay.2160p.TrueHD.Atmos.7.1.DV.HDR.AV1-Rob74K/John.Wick.2014.UHD.BluRay.2160p.TrueHD.Atmos.7.1.DV.HDR.AV1-Rob74K.mkv,John Wick,2014,AV1,2160p,3840,1600,23.976,6073.98,12.9,18248.5,0.1239,REFERENCE/HEAVY,TRUEHD 8ch
John.Wick.Chapter.2.2017.UHD.BluRay.2160p.TrueHD.Atmos.7.1.AV1-Rob74K/John.Wick.Chapter.2.2017.UHD.BluRay.2160p.TrueHD.Atmos.7.1.AV1-Rob74K.mkv,John Wick Chapter 2,2017,AV1,2160p,3840,1600,23.976,7343.26,12.65,14801.1,0.1005,REFERENCE/HEAVY,TRUEHD 8ch
John.Wick.Chapter.3.Parabellum.2019.2160p.UHD.BluRay.DV.HDR.TrueHD.7.1.Atmos-AV1-CoSMiCSuRFeR/John.Wick.Chapter.3.Parabellum.2019.2160p.UHD.BluRay.DV.HDR.TrueHD.7.1.Atmos-AV1-CoSMiCSuRFeR.mkv,John Wick Chapter 3 Parabellum,2019,AV1,2160p,3840,1600,23.976,7867.88,34.52,37687.4,0.2558,REFERENCE/HEAVY,TRUEHD 8ch
John.Wick.Chapter.4.2023.UHD.BluRay.2160p.TrueHD.Atmos.7.1.DV.HDR.AV1-CoSMiCSuRFeR/John.Wick.Chapter.4.2023.UHD.BluRay.2160p.TrueHD.Atmos.7.1.DV.HDR.AV1-CoSMiCSuRFeR.mkv,John Wick Chapter 4,2023,AV1,2160p,3840,1608,23.976,10158.18,17.76,15016.0,0.1014,REFERENCE/HEAVY,TRUEHD 8ch
Johnny.English.2003.2160p.iT.WEB-DL.DTS-HD.MA.5.1.DV.HDR.HEVC-BLUTONiUM/Johnny.English.2003.2160p.iT.WEB-DL.DTS-HD.MA.5.1.DV.HDR.HEVC-BLUTONiUM.mkv,Johnny English,2003,HEVC,2160p,3832,2072,24.0,5263.32,16.32,26631.2,0.1398,OPTIMAL,DTS 6ch
Joker.2019.2160p.BluRay.TrueHD.Atmos.7.1.DV.HDR.AV1-RandH/Joker.2019.2160p.BluRay.TrueHD.Atmos.7.1.DV.HDR.AV1-RandH.mkv,Joker,2019,AV1,2160p,3840,2160,23.976,7309.12,12.4,14576.0,0.0733,OPTIMAL,TRUEHD 8ch
Judgment.At.Nuremberg.1961.1080p.BluRay.AV1-SWAXXON/Judgment.At.Nuremberg.1961.1080p.BluRay.AV1-SWAXXON.mkv,Judgment At Nuremberg,1961,AV1,1080p,1792,1080,23.976,10750.72,3.1,2478.8,0.0534,RES-ANOMALY,AAC 6ch
Jurassic.Park.1993.2160p.UHD.BluRay.DD+5.1.HDR.AV1-Smokindevil/Jurassic.Park.1993.2160p.UHD.BluRay.DD+5.1.HDR.AV1-Smokindevil.mkv,Jurassic Park,1993,AV1,2160p,3840,2076,23.976,7588.03,10.89,12328.0,0.0645,OPTIMAL,EAC3 6ch
Jurassic.Park.III.2001.PROPER.UHD.BluRay.2160p.DDP.7.1.DV.HDR.x265-hallowed/Jurassic.Park.III.2001.PROPER.UHD.BluRay.2160p.DDP.7.1.DV.HDR.x265-hallowed.mkv,Jurassic Park III,2001,HEVC,2160p,3840,2076,23.976,5534.3,12.13,18828.6,0.0985,OPTIMAL,EAC3 8ch
Jurassic.World.2015.2160p.PCOK.WEB-DL.DDPA.5.1.DV.HDR.H.265-PiRaTeS/Jurassic.World.2015.2160p.PCOK.WEB-DL.DDPA.5.1.DV.HDR.H.265-PiRaTeS.mkv,Jurassic World,2015,HEVC,2160p,3840,2160,23.976,7463.46,13.67,15729.2,0.0791,STARVED,EAC3 6ch
Jurassic.World.Fallen.Kingdom.2018.2160p.PCOK.WEB-DL.DDPA.5.1.DV.HDR.H.265-PiRaTeS/Jurassic.World.Fallen.Kingdom.2018.2160p.PCOK.WEB-DL.DDPA.5.1.DV.HDR.H.265-PiRaTeS.mkv,Jurassic World Fallen Kingdom,2018,HEVC,2160p,3840,2160,23.976,7698.05,14.06,15691.5,0.0789,STARVED,EAC3 6ch
Kill.Bill.The.Whole.Bloody.Affair.2004.2160p.PCOK.WEB-DL.DDP.5.1.DV.HDR.H.265-PiRaTeS/Kill.Bill.The.Whole.Bloody.Affair.2004.2160p.PCOK.WEB-DL.DDP.5.1.DV.HDR.H.265-PiRaTeS.mkv,Kill Bill The Whole Bloody Affair,2004,HEVC,2160p,3840,2160,23.976,15187.78,27.17,15364.9,0.0773,STARVED,EAC3 6ch
Kill.Bill.Vol.1.2003.2160p.PCOK.WEB-DL.DDP.5.1.DV.HDR.H.265-PiRaTeS/Kill.Bill.Vol.1.2003.2160p.PCOK.WEB-DL.DDP.5.1.DV.HDR.H.265-PiRaTeS.mkv,Kill Bill Vol 1,2003,HEVC,2160p,3840,2160,23.976,6670.46,11.85,15262.5,0.0767,STARVED,EAC3 6ch
Klaus.2019.2160p.NF.WEB-DL.DDP.5.1.Atmos.DoVi.HDR.HEVC-SiC/Klaus.2019.2160p.NF.WEB-DL.DDP.5.1.Atmos.DoVi.HDR.HEVC-SiC.mkv,Klaus,2019,HEVC,2160p,3840,2160,24.0,5901.38,5.29,7697.2,0.0387,STARVED,EAC3 6ch
L A Confidential 1997 Hybrid 1080p BluRay DDP5 1 x264-ZoroSenpai/L A Confidential 1997 Hybrid 1080p BluRay DDP5 1 x264-ZoroSenpai.mkv,L A Confidential,1997,H264,1080p,1920,800,23.976,8261.34,19.67,20448.1,0.5552,RES-ANOMALY,EAC3 6ch
La battaglia di Algeri 1966 1080p Bluray FLAC1 0 x264-DON/La battaglia di Algeri 1966 1080p Bluray FLAC1 0 x264-DON.mkv,La battaglia di Algeri,1966,H264,1080p,1888,1020,23.976,7299.59,13.16,15484.1,0.3354,RES-ANOMALY,FLAC 1ch
La.haine.1995.2160p.UHD.BluRay.DTS-HD.MA.5.1.DoVi.HDR.x265-PTer.mkv-xpost/La.haine.1995.2160p.UHD.BluRay.DTS-HD.MA.5.1.DoVi.HDR.x265-PTer.mkv-xpost.mkv,La haine,1995,HEVC,2160p,3840,2076,24.0,5887.97,34.65,50557.3,0.2642,REFERENCE/HEAVY,DTS 6ch
La.La.Land.2016.2160p.ATVP.WEB-DL.DDPA.5.1.DV.HDR.H.265-PiRaTeS/La.La.Land.2016.2160p.ATVP.WEB-DL.DDPA.5.1.DV.HDR.H.265-PiRaTeS.mkv,La La Land,2016,HEVC,2160p,3840,1506,23.976,7685.89,22.34,24965.3,0.1801,REFERENCE/HEAVY,EAC3 6ch
La.passion.de.Jeanne.dArc.1928.1080p.BluRay.x264-DON/La.passion.de.Jeanne.dArc.1928.1080p.BluRay.x264-DON.mkv,La passion de Jeanne dArc,1928,H264,1080p,1440,1080,23.976,4892.54,9.88,17344.3,0.4652,RES-ANOMALY,AC3 1ch
Ladri.di.biciclette.1948.1080p.BluRay.FLAC1.0.x264-BMF/Ladri.di.biciclette.1948.1080p.BluRay.FLAC1.0.x264-BMF.mkv,Ladri di biciclette,1948,H264,1080p,1440,1080,23.976,5315.99,9.54,15412.0,0.4133,RES-ANOMALY,FLAC 1ch
Lawrence.of.Arabia.1962-2160p.BluRay.DV.HDR10.Encode.AV1.DTS.5.1-RandH/Lawrence.of.Arabia.1962-2160p.BluRay.DV.HDR10.Encode.AV1.DTS.5.1-RandH.mkv,Lawrence.of.Arabia.1962-2160p.BluRay.DV.HDR10.Encode.AV1.DTS.5.1-RandH,0,AV1,2160p,3840,1746,23.976,13621.61,14.93,9415.3,0.0586,OPTIMAL,DTS 6ch
Le.salaire.de.la.peur.1953.AKA.The.Wages.of.Fear.1080p.UHD.BluRay.FLAC1.0.DoVi.HDR10.x265-BV/Le.salaire.de.la.peur.1953.AKA.The.Wages.of.Fear.1080p.UHD.BluRay.FLAC1.0.DoVi.HDR10.x265-BV.mkv,Le salaire de la peur,1953,HEVC,1080p,1478,1080,24.0,9182.36,27.96,26155.6,0.6827,RES-ANOMALY,FLAC 1ch
Leon.1994.International.Cut.2160p.BluRay.TrueHD.Atmos.7.1.DV.HDR.AV1-RandH/Leon.1994.International.Cut.2160p.BluRay.TrueHD.Atmos.7.1.DV.HDR.AV1-RandH.mkv,Leon,1994,AV1,2160p,3840,2160,24.0,7966.29,12.69,13686.9,0.0688,OPTIMAL,TRUEHD 8ch
Life.is.Beautiful.1997.Theatrical.Cut.BluRay.1080p.DDP.5.1.x264-hallowed/Life.is.Beautiful.1997.Theatrical.Cut.BluRay.1080p.DDP.5.1.x264-hallowed.mkv,Life is Beautiful,1997,H264,1080p,1920,1038,24.0,7459.01,10.94,12598.4,0.2634,RES-ANOMALY,EAC3 6ch
Lock Stock and Two Smoking Barrels 1998 BluRay 1080p DDP 5 1 x264-hallowed/Lock Stock and Two Smoking Barrels 1998 BluRay 1080p DDP 5 1 x264-hallowed.mkv,Lock Stock and Two Smoking Barrels,1998,H264,1080p,1920,1040,23.976,6429.42,8.04,10738.4,0.2243,RES-ANOMALY,EAC3 6ch
Locke.2013.1080p.BluRay.DD+5.1.x264-LoRD/Locke.2013.1080p.BluRay.DD+5.1.x264-LoRD.mkv,Locke,2013,H264,1080p,1920,800,23.976,5089.95,10.28,17347.8,0.4711,RES-ANOMALY,EAC3 6ch
Logan (2017) (2160p DSNP WEB-DL Hybrid H265 DV HDR DDP Atmos 5.1 English - HONE)/Logan (2017) (2160p DSNP WEB-DL Hybrid H265 DV HDR DDP Atmos 5.1 English - HONE).mkv,Logan (2017) (2160p DSNP WEB-DL Hybrid H265 DV HDR DDP Atmos 5.1 English - HONE),0,HEVC,2160p,3840,2160,23.976,8241.28,16.59,17287.9,0.0869,OPTIMAL,EAC3 6ch
M.1931.1080p.BluRay.FLAC.x264-ZQ/M.1931.1080p.BluRay.FLAC.x264-ZQ.mkv,M,1931,H264,1080p,1288,1080,23.976,6686.1,16.05,20626.2,0.6184,RES-ANOMALY,FLAC 2ch
Mad.Max.Fury.Road.2015-2160p.BluRay.DV.HDR.10.bit.Encode.AV1.DTS.5.1-R and H/Mad.Max.Fury.Road.2015-2160p.BluRay.DV.HDR.10.bit.Encode.AV1.DTS.5.1-R and H.mkv,Mad.Max.Fury.Road.2015-2160p.BluRay.DV.HDR.10.bit.Encode.AV1.DTS.5.1-R and H,0,AV1,2160p,3840,2160,23.976,7221.09,7.47,8886.3,0.0447,STARVED,DTS 6ch
Magic Mike 2012 2160p MA WEB-DL DTS-HD MA 5 1 DV HDR H 265-FLUX/Magic Mike 2012 2160p MA WEB-DL DTS-HD MA 5 1 DV HDR H 265-FLUX.mkv,Magic Mike,2012,HEVC,2160p,3840,2160,23.976,6624.33,21.63,28047.6,0.141,REFERENCE/HEAVY,DTS 6ch
Mary.and.Max.2009.BluRay.1080p.DD.5.1.x264-BHDStudio/Mary.and.Max.2009.BluRay.1080p.DD.5.1.x264-BHDStudio.mp4,Mary and Max,2009,H264,1080p,1912,1044,23.976,5535.97,5.53,8577.6,0.1792,RES-ANOMALY,AC3 6ch
Masters.of.the.Universe.2026.2160p.AMZN.WEB-DL.DDP5.1.Atmos.DV.HDR.H.265-FLUX/Masters.of.the.Universe.2026.2160p.AMZN.WEB-DL.DDP5.1.Atmos.DV.HDR.H.265-FLUX.mkv,Masters of the Universe,2026,HEVC,2160p,3840,1600,24.0,8634.58,19.53,19426.4,0.1317,OPTIMAL,EAC3 6ch
Melancholia.2011.1080p.BluRay.DD+5.1.x264-playHD/Melancholia.2011.1080p.BluRay.DD+5.1.x264-playHD.mkv,Melancholia,2011,H264,1080p,1920,818,25.0,7793.5,16.21,17870.9,0.4551,RES-ANOMALY,EAC3 6ch
Memento.2000.1080p.BluRay.OPUS.5.1.AV1-GanG/Memento.2000.1080p.BluRay.OPUS.5.1.AV1-GanG.mkv,Memento,2000,AV1,1080p,1918,816,23.976,6806.64,4.37,5517.7,0.147,RES-ANOMALY,OPUS 6ch
Memories.of.Murder.AKA.Salinui.chueok.2003.2160p.BluRay.DTS-HD.MA.7.1.AV1-R&H.mkv-xpost/Memories.of.Murder.AKA.Salinui.chueok.2003.2160p.BluRay.DTS-HD.MA.7.1.AV1-R&H.mkv-xpost.mkv,Memories of Murder AKA Salinui chueok,2003,AV1,2160p,3840,2160,24.0,7847.96,12.09,13228.5,0.0665,OPTIMAL,DTS 8ch
Metropolis.1927.1080p.BluRay.AV1.Opus.5.1-dAV1nci.mkv-[N-Z-B]/Metropolis.1927.1080p.BluRay.AV1.Opus.5.1-dAV1nci.mkv,Metropolis,1927,AV1,1080p,1440,1080,24.0,9008.87,3.65,3485.0,0.0934,RES-ANOMALY,OPUS 6ch
Million.Dollar.Baby.2004.1080p.BluRay.DD+7.1.x264-LoRD/Million.Dollar.Baby.2004.1080p.BluRay.DD+7.1.x264-LoRD.mkv,Million Dollar Baby,2004,H264,1080p,1920,802,23.976,7951.05,11.91,12870.4,0.3486,RES-ANOMALY,EAC3 8ch
Minions.and.Monsters.2026.2160p.iT.WEB-DL.DDP5.1.Atmos.DV.HDR.H.265-BYNDR/Minions.and.Monsters.2026.2160p.iT.WEB-DL.DDP5.1.Atmos.DV.HDR.H.265-BYNDR.mkv,Minions and Monsters,2026,HEVC,2160p,3840,1540,23.976,5397.5,15.85,25224.1,0.1779,REFERENCE/HEAVY,EAC3 6ch
Modern.Times.1936.JPN.1080p.BluRay.FLAC.1.0.x264.D-Z0N3/Modern.Times.1936.JPN.1080p.BluRay.FLAC.1.0.x264.D-Z0N3.mkv,Modern Times,1936,H264,1080p,1440,1076,23.976,5226.24,10.96,18010.5,0.4848,RES-ANOMALY,FLAC 1ch
Monsters.Inc.2001.2160p.BluRay.TrueHD.DV.HDR.AV1-TiZU/Monsters.Inc.2001.2160p.BluRay.TrueHD.DV.HDR.AV1-TiZU.mkv,Monsters Inc,2001,AV1,2160p,3840,2160,23.976,5529.89,9.75,15150.4,0.0762,REFERENCE/HEAVY,TRUEHD 8ch
Monty.Python.and.the.Holy.Grail.1975.REPACK.UHD.BluRay.2160p.DDP.Atmos.5.1.DV.HDR.x265-hallowed/Monty.Python.and.the.Holy.Grail.1975.REPACK.UHD.BluRay.2160p.DDP.Atmos.5.1.DV.HDR.x265-hallowed.mkv,Monty Python and the Holy Grail,1975,HEVC,2160p,3588,2160,23.976,5526.52,12.35,19201.4,0.1033,OPTIMAL,EAC3 6ch
Mortal.Kombat.II.2026.2160p.MA.WEB-DL.TrueHD.Atmos.7.1.DV.HDR10P.H.265-TheFarm/Mortal.Kombat.II.2026.2160p.MA.WEB-DL.TrueHD.Atmos.7.1.DV.HDR10P.H.265-TheFarm.mkv,Mortal Kombat II,2026,HEVC,2160p,3840,2160,23.976,6941.31,23.14,28633.8,0.144,REFERENCE/HEAVY,TRUEHD 8ch
Mr Smith Goes to Washington 1939 UHD BluRay 2160p DD 2 0 DV HDR x265-BHDStudio/Mr Smith Goes to Washington 1939 UHD BluRay 2160p DD 2 0 DV HDR x265-BHDStudio.mp4,Mr Smith Goes to Washington,1939,HEVC,2160p,2960,2160,23.976,7780.8,14.93,16486.7,0.1075,OPTIMAL,AC3 2ch
My.Neighbor.Totoro.1988.1080p.BluRay.Opus.AV1-TiZU/My.Neighbor.Totoro.1988.1080p.BluRay.Opus.AV1-TiZU.mkv,My Neighbor Totoro,1988,AV1,1080p,1920,1080,23.976,5304.92,3.23,5233.3,0.1053,RES-ANOMALY,OPUS 2ch
No.Country.for.Old.Men.2007.2160p.BluRay.DV.HDR10.DTS-HD.MA.5.1.AV1-RandH/No.Country.for.Old.Men.2007.2160p.BluRay.DV.HDR10.DTS-HD.MA.5.1.AV1-RandH.mkv,No Country for Old Men,2007,AV1,2160p,3840,2160,23.976,7333.2,8.24,9650.5,0.0485,OPTIMAL,DTS 6ch
North by Northwest 1959 UHD BluRay 2160p DDP 7 1 HDR x265-BHDStudio/North by Northwest 1959 UHD BluRay 2160p DDP 7 1 HDR x265-BHDStudio.mp4,North by Northwest,1959,HEVC,2160p,3840,2076,23.976,8182.51,15.96,16750.6,0.0876,OPTIMAL,EAC3 8ch
Obsession.2025.HYBRID.2160p.MA.WEB-DL.DDP5.1.Atmos.DV.HDR10P.H.265-BYNDR/Obsession.2025.HYBRID.2160p.MA.WEB-DL.DDP5.1.Atmos.DV.HDR10P.H.265-BYNDR.mkv,Obsession,2025,HEVC,2160p,3840,2160,23.976,6543.12,19.55,25667.8,0.1291,OPTIMAL,EAC3 6ch
Oldboy 2003 UHD BluRay 2160p DDP 5 1 DV HDR x265-hallowed/Oldboy 2003 UHD BluRay 2160p DDP 5 1 DV HDR x265-hallowed.mkv,Oldboy,2003,HEVC,2160p,3840,1632,23.976,7194.6,13.99,16698.5,0.1111,OPTIMAL,EAC3 6ch
On.the.Waterfront.1954.1080p.AMZN.WEB-DL.DDP.5.1.H.264-PiRaTeS/On.the.Waterfront.1954.1080p.AMZN.WEB-DL.DDP.5.1.H.264-PiRaTeS.mkv,On the Waterfront,1954,H264,1080p,1800,1080,23.976,6467.14,10.99,14601.7,0.3133,RES-ANOMALY,EAC3 6ch
Once.Upon.a.Time.in.America.1984.Extended.Directors.Cut.1080p.Bluray.OPUS.5.1.AV1-WhiskeyJack/Once.Upon.a.Time.in.America.1984.Extended.Directors.Cut.1080p.Bluray.OPUS.5.1.AV1-WhiskeyJack.mkv,Once Upon a Time in America,1984,AV1,1080p,1920,1072,23.976,15069.61,9.3,5302.8,0.1075,RES-ANOMALY,OPUS 6ch
Once.Upon.a.Time.in.the.West.1968.1080p.BluRay.DTS.x264-CRiSC/Once.Upon.a.Time.in.the.West.1968.1080p.BluRay.DTS.x264-CRiSC.mkv,Once Upon a Time in the West,1968,H264,1080p,1920,816,23.976,9962.07,14.0,12070.2,0.3213,RES-ANOMALY,DTS 6ch
One.Flew.Over.the.Cuckoos.Nest.1975.2160p.MA.WEB-DL.FLAC1.0.DV.HDR.H.265-BYNDR/One.Flew.Over.the.Cuckoos.Nest.1975.2160p.MA.WEB-DL.FLAC1.0.DV.HDR.H.265-BYNDR.mkv,One Flew Over the Cuckoos Nest,1975,HEVC,2160p,3840,2160,23.976,8049.55,28.05,29936.2,0.1505,REFERENCE/HEAVY,FLAC 1ch
Oppenheimer.2023.2160p.BluRay.DTS.5.1.DV.HDR.AV1-R and H/Oppenheimer.2023.2160p.BluRay.DTS.5.1.DV.HDR.AV1-R and H.mkv,Oppenheimer,2023,AV1,2160p,3840,2160,23.976,10822.19,11.71,9296.4,0.0467,OPTIMAL,DTS 6ch
Pans.Labyrinth.2006.UHD.BluRay.2160p.DDP.7.1.DV.HDR.x265-hallowed/Pans.Labyrinth.2006.UHD.BluRay.2160p.DDP.7.1.DV.HDR.x265-hallowed.mkv,Pans Labyrinth,2006,HEVC,2160p,3840,2076,23.976,7150.14,16.11,19353.9,0.1013,OPTIMAL,EAC3 8ch
Parasite.2019-2160p.BluRay.DV.HDR10.DTS-HD.MA.5.1.AV1-RandH/Parasite.2019-2160p.BluRay.DV.HDR10.DTS-HD.MA.5.1.AV1-RandH.mkv,Parasite.2019-2160p.BluRay.DV.HDR10.DTS-HD.MA.5.1.AV1-RandH,0,AV1,2160p,3840,1610,23.976,7912.75,8.76,9513.2,0.0642,OPTIMAL,DTS 6ch
Paths.of.Glory.1957.2160p.UHD.BluRay.FLAC.2.0.DV.x265-c0kE/Paths.of.Glory.1957.2160p.UHD.BluRay.FLAC.2.0.DV.x265-c0kE.mkv,Paths of Glory,1957,HEVC,2160p,3600,2160,24.0,5275.06,33.49,54529.0,0.2922,REFERENCE/HEAVY,FLAC 2ch
Pirates.of.the.Caribbean-The.Curse.of.the.Black.Pearl.2003-2160p.BluRay.DV.HDR10.10.bit.Encode.AV1.DD5.1-R&H.mkv/Pirates.of.the.Caribbean-The.Curse.of.the.Black.Pearl.2003-2160p.BluRay.DV.HDR10.10.bit.Encode.AV1.DD5.1-R&H.mkv,Pirates.of.the.Caribbean-The.Curse.of.the.Black.Pearl.2003-2160p.BluRay.DV.HDR10.10.bit.Encode.AV1.DD5.1-R&H.mkv,0,AV1,2160p,3840,1636,23.976,8589.25,8.85,8850.2,0.0588,OPTIMAL,AC3 6ch
Platoon.1986-2160p.BluRay.HDR10.10.bit.Encode.AV1.DDP.5.1-R and H/Platoon.1986-2160p.BluRay.HDR10.10.bit.Encode.AV1.DDP.5.1-R and H.mkv,Platoon.1986-2160p.BluRay.HDR10.10.bit.Encode.AV1.DDP.5.1-R and H,0,AV1,2160p,3840,2076,23.976,7193.73,7.06,8430.4,0.0441,STARVED,EAC3 6ch
Predator.Badlands.2025.2160p.UHD.BluRay.TrueHD.7.1.Atmos.DV.HDR.AV1-RandH/Predator.Badlands.2025.2160p.UHD.BluRay.TrueHD.7.1.Atmos.DV.HDR.AV1-RandH.mkv,Predator Badlands,2025,AV1,2160p,3840,2160,23.976,6447.98,11.41,15194.4,0.0764,REFERENCE/HEAVY,TRUEHD 8ch
Princess.Mononoke.1997.2160p.HDR10.DV.Hybrid.UHD.BDRip.AV1.10bit.TrueHD.5.1.DUAL-Goki-TAoE/Princess.Mononoke.1997.2160p.HDR10.DV.Hybrid.UHD.BDRip.AV1.10bit.TrueHD.5.1.DUAL-Goki-TAoE.mkv,Princess Mononoke,1997,AV1,2160p,3840,2160,23.976,8002.91,12.62,13550.8,0.0681,OPTIMAL,TRUEHD 6ch
Prisoners.2013.1080p.BluRay.AV1.DDP5.1.Multi3-dAV1nci/Prisoners.2013.1080p.BluRay.AV1.DDP5.1.Multi3-dAV1nci_1.mkv,Prisoners,2013,AV1,1080p,1920,1040,24.0,9198.02,3.19,2979.6,0.0622,RES-ANOMALY,EAC3 6ch
Project.Hail.Mary.2026.2160p.WEBRip.DDP5.1.Atmos.DV.HDR10+.AV1-RandH/Project.Hail.Mary.2026.2160p.WEBRip.DDP5.1.Atmos.DV.HDR10+.AV1-RandH.mkv,Project Hail Mary,2026,AV1,2160p,3840,2160,24.0,9382.4,10.69,9787.4,0.0492,OPTIMAL,EAC3 6ch
Project.X.2012.Theatrical.Cut.1080p.BluRay.DD5.1.x264-DON/Project.X.2012.Theatrical.Cut.1080p.BluRay.DD5.1.x264-DON.mkv,Project X,2012,H264,1080p,1920,1080,23.976,5273.79,10.07,16401.3,0.3299,RES-ANOMALY,AC3 6ch
Psycho.1960.Uncut.1080p.BluRay.DD5.1.x264-LoRD/Psycho.1960.Uncut.1080p.BluRay.DD5.1.x264-LoRD.mkv,Psycho,1960,H264,1080p,1920,1038,23.976,6549.02,14.68,19258.0,0.403,RES-ANOMALY,AC3 6ch
Pulp.Fiction.1994-2160p.BluRay.DV.HDR10.Encode.AV1.DTS.5.1-RandH/Pulp.Fiction.1994-2160p.BluRay.DV.HDR10.Encode.AV1.DTS.5.1-RandH.mkv,Pulp.Fiction.1994-2160p.BluRay.DV.HDR10.Encode.AV1.DTS.5.1-RandH,0,AV1,2160p,3840,1636,23.976,9270.69,10.53,9757.7,0.0648,OPTIMAL,DTS 6ch
Raging Bull 1980 1080p UHD BluRay DD+5.1 DV HDR x265-HiDt/Raging Bull 1980 1080p UHD BluRay DD+5.1 DV HDR x265-HiDt.mkv,Raging Bull,1980,HEVC,1080p,1920,1038,23.976,7745.03,30.55,33886.4,0.7092,RES-ANOMALY,EAC3 6ch
Ran.1985.1080p.BluRay.DD+5.1.x264-playHD/Ran.1985.1080p.BluRay.DD+5.1.x264-playHD.mkv,Ran,1985,H264,1080p,1920,1036,23.976,9761.06,23.55,20722.2,0.4345,RES-ANOMALY,EAC3 6ch
Rashomon.1950.1080p.BluRay.FLAC.x264-EA/Rashomon.1950.1080p.BluRay.FLAC.x264-EA.mkv,Rashomon,1950,H264,1080p,1480,1080,23.976,5317.39,14.52,23461.9,0.6122,RES-ANOMALY,FLAC 1ch
Ratatouille.2007.2160p.DSNP.WEB-DL.DDP5.1.Atmos.DoVi.HDR.H.265-HONE/Ratatouille.2007.2160p.DSNP.WEB-DL.DDP5.1.Atmos.DoVi.HDR.H.265-HONE.mkv,Ratatouille,2007,HEVC,2160p,3840,2160,23.976,6668.7,13.48,17365.9,0.0873,OPTIMAL,EAC3 6ch
Rear.Window.1954.1080p.BluRay.FLAC.2.0.x264-CtrlHD/Rear.Window.1954.1080p.BluRay.FLAC.2.0.x264-CtrlHD.mkv,Rear Window,1954,H264,1080p,1790,1080,23.976,6746.51,17.01,21656.0,0.4672,RES-ANOMALY,FLAC 2ch
Requiem for a Dream 2000 2160p BluRay TrueHD Atmos 7 1 DV HDR10 x265-MainFrame/Requiem for a Dream 2000 2160p BluRay TrueHD Atmos 7 1 DV HDR10 x265-MainFrame.mkv,Requiem for a Dream,2000,HEVC,2160p,3840,2076,23.976,6091.1,34.77,49030.2,0.2565,REFERENCE/HEAVY,TRUEHD 8ch
Reservoir.Dogs.1992.PROPER.UHD.BluRay.2160p.DTS-HD.MA.5.1.DV.HDR.AV1-RandH/Reservoir.Dogs.1992.PROPER.UHD.BluRay.2160p.DTS-HD.MA.5.1.DV.HDR.AV1-RandH.mkv,Reservoir Dogs,1992,AV1,2160p,3840,2160,23.976,5944.23,8.97,12955.2,0.0651,OPTIMAL,DTS 6ch
Retfærdighedens.ryttere.2020.1080p.BluRay.DD+5.1.x264-LoRD/Retfærdighedens.ryttere.2020.1080p.BluRay.DD+5.1.x264-LoRD.mkv,Retfærdighedens ryttere,2020,H264,1080p,1920,804,24.0,6955.14,10.55,13035.5,0.3519,RES-ANOMALY,EAC3 6ch
Robin.Hood.2010.2160p.AMZN.WEB-DL.DDP.5.1.HDR.H.265-PiRaTeS/Robin.Hood.2010.2160p.AMZN.WEB-DL.DDP.5.1.HDR.H.265-PiRaTeS.mkv,Robin Hood,2010,HEVC,2160p,3840,2160,23.976,8419.5,18.96,19342.4,0.0973,OPTIMAL,EAC3 6ch
Rocky.1976-2160p.BluRay.DV.HDR.10.bit.Encode.AV1.DTS.5.1-R&H.mkv/Rocky.1976-2160p.BluRay.DV.HDR.10.bit.Encode.AV1.DTS.5.1-R&H.mkv,Rocky.1976-2160p.BluRay.DV.HDR.10.bit.Encode.AV1.DTS.5.1-R&H.mkv,0,AV1,2160p,3840,2160,23.976,7175.61,7.04,8432.1,0.0424,STARVED,DTS 6ch
Room 2015 1080p BluRay DD5 1 x264-DON/Room 2015 1080p BluRay DD5 1 x264-DON.mkv,Room,2015,H264,1080p,1920,800,23.976,7058.11,13.99,17029.6,0.4624,RES-ANOMALY,AC3 6ch
Rush.2013.UHD.BluRay.2160p.TrueHD.7.1.Atmos.DV.HDR.AV1-RandH/Rush.2013.UHD.BluRay.2160p.TrueHD.7.1.Atmos.DV.HDR.AV1-RandH.mkv,Rush,2013,AV1,2160p,3840,2160,23.976,7375.7,10.99,12793.4,0.0643,OPTIMAL,TRUEHD 8ch
Scarface.1983.2160p.BluRay.DTS-HD.MA.X.7.1.HDR10.AV1-R and H/Scarface.1983.2160p.BluRay.DTS-HD.MA.X.7.1.HDR10.AV1-R and H.mkv,Scarface,1983,AV1,2160p,3840,2160,23.976,10191.43,17.76,14967.0,0.0753,REFERENCE/HEAVY,DTS 8ch
Schindlers.List.1993.2160p.UHD.BluRay.2160p.DTS-HD.MA.5.1.DV.HDR10+.AV1-RandH/Schindlers.List.1993.2160p.UHD.BluRay.2160p.DTS-HD.MA.5.1.DV.HDR10+.AV1-RandH.mkv,Schindlers List,1993,AV1,2160p,3840,2160,23.976,11711.7,12.86,9432.4,0.0474,OPTIMAL,DTS 6ch
Se7en.1995.MULTi.UHD.BluRay.2160p.AV1.HandBrake.HDR10.Opus2.0-CatDad/Se7en.1995.MULTi.UHD.BluRay.2160p.AV1.HandBrake.HDR10.Opus2.0-CatDad.mkv,Se7en,1995,AV1,2160p,3840,1600,23.976,7614.72,24.51,27653.3,0.1877,REFERENCE/HEAVY,OPUS 2ch
Seppuku.1962.1080p.BluRay.FLAC.2.0.x264-CtrlHD/Seppuku.1962.1080p.BluRay.FLAC.2.0.x264-CtrlHD.mkv,Seppuku,1962,H264,1080p,1920,794,23.976,7962.95,17.29,18651.1,0.5103,RES-ANOMALY,FLAC 2ch
Seven.Samurai.1954.REPACK.1080p.UHD.BluRay.FLAC1.0.x264-ZoroSenpai/Seven.Samurai.1954.REPACK.1080p.UHD.BluRay.FLAC1.0.x264-ZoroSenpai.mkv,Seven Samurai,1954,H264,1080p,1480,1080,23.976,12432.46,28.93,19988.2,0.5216,RES-ANOMALY,FLAC 1ch
Sherlock.Jr.1924.BluRay.1080p.DD.2.0.x264-BHDStudio/Sherlock.Jr.1924.BluRay.1080p.DD.2.0.x264-BHDStudio.mp4,Sherlock Jr,1924,H264,1080p,1420,1080,23.976,2736.67,2.6,8172.8,0.2223,RES-ANOMALY,AC3 2ch
Shutter.Island.2010.2160p.BluRay.DTS.DV.HDR.AV1-TiZU/Shutter.Island.2010.2160p.BluRay.DTS.DV.HDR.AV1-TiZU.mkv,Shutter Island,2010,AV1,2160p,3840,1636,23.976,8284.8,19.1,19803.0,0.1315,REFERENCE/HEAVY,DTS 6ch
Singin.in.the.Rain.1952.2160p.MAX.WEB-DL.DDP.5.1.DV.HDR.H.265-PiRaTeS/Singin.in.the.Rain.1952.2160p.MAX.WEB-DL.DDP.5.1.DV.HDR.H.265-PiRaTeS.mkv,Singin in the Rain,1952,HEVC,2160p,2960,2160,23.976,6164.54,15.95,22228.5,0.145,REFERENCE/HEAVY,EAC3 6ch
Sisu.2022.2160p.AMZN.WEB-DL.DDP5.1.Atmos.HDR10.H.265-CMRG/Sisu.2022.2160p.AMZN.WEB-DL.DDP5.1.Atmos.HDR10.H.265-CMRG.mkv,Sisu,2022,HEVC,2160p,3840,1600,23.976,5482.02,9.95,15593.3,0.1059,OPTIMAL,EAC3 6ch
Sisu-Road to Revenge-2025-2160p iT WEB-DL Hybrid H265 DV HDR10+ DDP Atmos 5.1 English-HONE/Sisu-Road to Revenge-2025-2160p iT WEB-DL Hybrid H265 DV HDR10+ DDP Atmos 5.1 English-HONE.mkv,Sisu-Road to Revenge-2025-2160p iT WEB-DL Hybrid H265 DV HDR10+ DDP Atmos 5.1 English-HONE,0,HEVC,2160p,3840,1608,23.976,5354.93,15.82,25374.1,0.1714,REFERENCE/HEAVY,EAC3 6ch
SmultronstÃ¤llet.1957.1080p.BluRay.FLAC.x264-EA/SmultronstÃ¤llet.1957.1080p.BluRay.FLAC.x264-EA.mkv,SmultronstÃ¤llet,1957,H264,1080p,1424,1080,23.976,5552.63,15.25,23596.7,0.6399,RES-ANOMALY,FLAC 1ch
Snatch.(2000).(2160p.iT.WEB-DL.Hybrid.H265.DV.HDR.DDP.Atmos.5.1.English.-.HONE).mkv-WtF/Snatch.(2000).(2160p.iT.WEB-DL.Hybrid.H265.DV.HDR.DDP.Atmos.5.1.English.-.HONE).mkv-WtF.mkv,Snatch.(2000).(2160p.iT.WEB-DL.Hybrid.H265.DV.HDR.DDP.Atmos.5.1.English.-.HONE).mkv-WtF,0,HEVC,2160p,3840,2064,23.976,6160.64,10.99,15326.0,0.0807,OPTIMAL,EAC3 6ch
Some.Like.It.Hot.1959.1080p.UHD.BluRay.DD+5.1.DoVi.x265-c0kE/Some.Like.It.Hot.1959.1080p.UHD.BluRay.DD+5.1.DoVi.x265-c0kE.mkv,Some Like It Hot,1959,HEVC,1080p,1920,1038,23.976,7326.27,23.85,27968.5,0.5853,RES-ANOMALY,EAC3 6ch
Spider-Man - Into the Spider-Verse (2018) (2160p DSNP WEB-DL Hybrid H265 DV HDR DDP Atmos 5.1 English - HONE)/Spider-Man - Into the Spider-Verse (2018) (2160p DSNP WEB-DL Hybrid H265 DV HDR DDP Atmos 5.1 English - HONE).mkv,Spider-Man - Into the Spider-Verse (2018) (2160p DSNP WEB-DL Hybrid H265 DV HDR DDP Atmos 5.1 English - HONE),0,HEVC,2160p,3840,2160,23.976,7008.25,14.29,17519.7,0.0881,OPTIMAL,EAC3 6ch
Spider-Man.Across.the.Spider-Verse.2023.2160p.MA.WEB-DL.DDP5.1.Atmos.DV.HDR.H.265-FLUX/Spider-Man.Across.the.Spider-Verse.2023.2160p.MA.WEB-DL.DDP5.1.Atmos.DV.HDR.H.265-FLUX.mkv,Spider-Man Across the Spider-Verse,2023,HEVC,2160p,3840,2160,23.976,8405.79,24.55,25090.0,0.1262,OPTIMAL,EAC3 6ch
Spider-Man.No.Way.Home.2021-2160p.BluRay.DV.HDR10.10.bit.Encode.AV1.DTS.5.1-R&H.mkv-xpost/Spider-Man.No.Way.Home.2021-2160p.BluRay.DV.HDR10.10.bit.Encode.AV1.DTS.5.1-R&H.mkv-xpost.mkv,Spider-Man.No.Way.Home.2021-2160p.BluRay.DV.HDR10.10.bit.Encode.AV1.DTS.5.1-R&H.mkv-xpost,0,AV1,2160p,3840,1608,23.976,8889.9,9.06,8757.9,0.0592,OPTIMAL,DTS 6ch
Spirited.Away.2001.1080p.BluRay.Opus.AV1-TiZU/Spirited.Away.2001.1080p.BluRay.Opus.AV1-TiZU.mkv,Spirited Away,2001,AV1,1080p,1920,1080,23.976,7484.76,5.15,5909.8,0.1189,RES-ANOMALY,OPUS 6ch
Spotlight.2015.UHD.BluRay.2160p.DDP.5.1.DV.HDR.x265-hallowed/Spotlight.2015.UHD.BluRay.2160p.DDP.5.1.DV.HDR.x265-hallowed.mkv,Spotlight,2015,HEVC,2160p,3840,2076,23.976,7730.22,16.86,18732.3,0.098,OPTIMAL,EAC3 6ch
Stand by Me 1986 UHD BluRay 2160p DDP 7 1 DV HDR x265-hallowed/Stand by Me 1986 UHD BluRay 2160p DDP 7 1 DV HDR x265-hallowed.mkv,Stand by Me,1986,HEVC,2160p,3840,2076,23.976,5314.31,10.43,16857.3,0.0882,OPTIMAL,EAC3 8ch
Star.Wars.Episode.I.The.Phantom.Menace.1999.2160p.BluRay.EAC3.HDR.AV1-TiZU/Star.Wars.Episode.I.The.Phantom.Menace.1999.2160p.BluRay.EAC3.HDR.AV1-TiZU.mkv,Star Wars Episode I The Phantom Menace,1999,AV1,2160p,3840,1608,23.976,8171.61,11.56,12152.2,0.0821,REFERENCE/HEAVY,EAC3 6ch
Star.Wars.Episode.II.Attack.of.the.Clones.2002.2160p.DSNP.WEB-DL.DDPA.5.1.DV.HDR.H.265-PiRaTeS/Star.Wars.Episode.II.Attack.of.the.Clones.2002.2160p.DSNP.WEB-DL.DDPA.5.1.DV.HDR.H.265-PiRaTeS.mkv,Star Wars Episode II Attack of the Clones,2002,HEVC,2160p,3840,2160,23.976,8552.32,12.37,12422.2,0.0625,STARVED,EAC3 6ch
Star.Wars.Episode.III.Revenge.of.the.Sith.2005.2160p.DSNP.WEB-DL.DDPA.5.1.DV.HDR.H.265-PiRaTeS/Star.Wars.Episode.III.Revenge.of.the.Sith.2005.2160p.DSNP.WEB-DL.DDPA.5.1.DV.HDR.H.265-PiRaTeS.mkv,Star Wars Episode III Revenge of the Sith,2005,HEVC,2160p,3840,2160,23.976,8404.93,14.98,15312.6,0.077,STARVED,EAC3 6ch
Star.Wars.Episode.IV.A.New.Hope.1977.2160p.DSNP.WEB-DL.DDPA.5.1.DV.HDR.H.265-PiRaTeS/Star.Wars.Episode.IV.A.New.Hope.1977.2160p.DSNP.WEB-DL.DDPA.5.1.DV.HDR.H.265-PiRaTeS.mkv,Star Wars Episode IV A New Hope,1977,HEVC,2160p,3840,2160,23.976,7482.06,12.78,14670.9,0.0738,STARVED,EAC3 6ch
Star.Wars.Episode.IX.The.Rise.of.Skywalker.2019.2160p.DSNP.WEB-DL.DDPA.5.1.DV.HDR.H.265-PiRaTeS/Star.Wars.Episode.IX.The.Rise.of.Skywalker.2019.2160p.DSNP.WEB-DL.DDPA.5.1.DV.HDR.H.265-PiRaTeS.mkv,Star Wars Episode IX The Rise of Skywalker,2019,HEVC,2160p,3840,2160,23.976,8509.57,15.09,15231.2,0.0766,STARVED,EAC3 6ch
Star.Wars.Episode.V.The.Empire.Strikes.Back.1980.2160p.DSNP.WEB-DL.DDPA.5.1.DV.HDR.H.265-PiRaTeS/Star.Wars.Episode.V.The.Empire.Strikes.Back.1980.2160p.DSNP.WEB-DL.DDPA.5.1.DV.HDR.H.265-PiRaTeS.mkv,Star Wars Episode V The Empire Strikes Back,1980,HEVC,2160p,3840,2160,23.976,7645.98,12.57,14118.5,0.071,STARVED,EAC3 6ch
Star.Wars.Episode.VI.Return.of.the.Jedi.1983.2160p.DSNP.WEB-DL.DDPA.5.1.DV.HDR.H.265-PiRaTeS/Star.Wars.Episode.VI.Return.of.the.Jedi.1983.2160p.DSNP.WEB-DL.DDPA.5.1.DV.HDR.H.265-PiRaTeS.mkv,Star Wars Episode VI Return of the Jedi,1983,HEVC,2160p,3840,2160,23.976,8086.62,13.55,14392.4,0.0724,STARVED,EAC3 6ch
Star.Wars.Episode.VII.The.Force.Awakens.2015.2160p.DSNP.WEB-DL.DDPA.5.1.DV.HDR.H.265-PiRaTeS/Star.Wars.Episode.VII.The.Force.Awakens.2015.2160p.DSNP.WEB-DL.DDPA.5.1.DV.HDR.H.265-PiRaTeS.mkv,Star Wars Episode VII The Force Awakens,2015,HEVC,2160p,3840,2160,23.976,8282.78,14.57,15112.2,0.076,STARVED,EAC3 6ch
Star.Wars.Episode.VIII.The.Last.Jedi.2017.2160p.DSNP.WEB-DL.DDPA.5.1.DV.HDR.H.265-PiRaTeS/Star.Wars.Episode.VIII.The.Last.Jedi.2017.2160p.DSNP.WEB-DL.DDPA.5.1.DV.HDR.H.265-PiRaTeS.mkv,Star Wars Episode VIII The Last Jedi,2017,HEVC,2160p,3840,2160,23.976,9108.0,16.67,15719.9,0.079,STARVED,EAC3 6ch
Suna.no.onna.1964.1080p.BluRay.AAC1.0.x264-EA/Suna.no.onna.1964.1080p.BluRay.AAC1.0.x264-EA.mkv,Suna no onna,1964,H264,1080p,1440,1080,23.976,8843.51,17.01,16521.8,0.4431,RES-ANOMALY,AAC 1ch
Sunset.Blvd.1950.UHD.BluRay.2160p.DD.5.1.DV.HDR.x265-BHDStudio/Sunset.Blvd.1950.UHD.BluRay.2160p.DD.5.1.DV.HDR.x265-BHDStudio.mp4,Sunset Blvd,1950,HEVC,2160p,2960,2160,23.976,6618.75,12.85,16680.3,0.1088,OPTIMAL,AC3 6ch
Supergirl.2026.2160p.YKW.WEB-DL.Hybrid.H265.DV.HDR.DDP.Atmos.5.1.English.--HONE/Supergirl.2026.2160p.YKW.WEB-DL.Hybrid.H265.DV.HDR.DDP.Atmos.5.1.English.--HONE.mkv,Supergirl,2026,HEVC,2160p,3840,2160,23.976,6484.23,19.13,25337.4,0.1274,OPTIMAL,EAC3 6ch
Taxi.Driver.1976.UHD.BluRay.2160p.DD.5.1.DV.HDR.x265-BHDStudio/Taxi.Driver.1976.UHD.BluRay.2160p.DD.5.1.DV.HDR.x265-BHDStudio.mp4,Taxi Driver,1976,HEVC,2160p,3840,2076,23.976,6827.86,13.26,16678.3,0.0873,OPTIMAL,AC3 6ch
Terminator.2.Judgment.Day.1991.Theatrical.Cut-2160p.BluRay.HDR.Encode.AV1.DTS.5.1-R and H/Terminator.2.Judgment.Day.1991.Theatrical.Cut-2160p.BluRay.HDR.Encode.AV1.DTS.5.1-R_and_H/Terminator.2.Judgment.Day.1991.Theatrical.Cut-2160p.BluRay.HDR.Encode.AV1.DTS.5.1-R_and_H.mkv,Terminator 2 Judgment Day,1991,AV1,2160p,3840,1600,23.976,8243.36,8.56,8922.1,0.0606,OPTIMAL,DTS 6ch
The.Apartment.1960.UHD.BluRay.2160p.DDP.5.1.HDR10Plus.x265-hallowed/The.Apartment.1960.UHD.BluRay.2160p.DDP.5.1.HDR10Plus.x265-hallowed.mkv,The Apartment,1960,HEVC,2160p,3840,1632,23.976,7515.81,14.63,16717.6,0.1113,OPTIMAL,EAC3 6ch
The.Best.Years.of.Our.Lives.1946.Repack.1080p.BluRay.FLAC1.0.x264-ZoroSenpai/The.Best.Years.of.Our.Lives.1946.Repack.1080p.BluRay.FLAC1.0.x264-ZoroSenpai.mkv,The Best Years of Our Lives,1946,H264,1080p,1480,1080,23.976,10203.57,25.39,21377.3,0.5578,RES-ANOMALY,FLAC 1ch
The.Big.Lebowski.1998.2160p.BluRay.DTS-X.7.1.HDR10.x265-MainFrame/The.Big.Lebowski.1998.2160p.BluRay.DTS.X.7.1.HDR10.x265.MainFrame.mkv,The Big Lebowski,1998,HEVC,2160p,3840,2076,23.976,7032.16,27.06,33049.3,0.1729,REFERENCE/HEAVY,DTS 8ch
The.Black.Cauldron.1985.2160p.DSNP.WEB-DL.DTS-HD.MA.5.1.DoVi.HDR.HEVC-SiC/The.Black.Cauldron.1985.2160p.DSNP.WEB-DL.DTS-HD.MA.5.1.DoVi.HDR.HEVC-SiC.mkv,The Black Cauldron,1985,HEVC,2160p,3840,2160,23.976,4804.38,11.58,20698.2,0.1041,OPTIMAL,DTS 6ch
The.Bourne.Supremacy.2004.2160p.MA.WEB-DL.DTS-X.7.1.DV.HDR.H.265-BYNDR/The.Bourne.Supremacy.2004.2160p.MA.WEB-DL.DTS-X.7.1.DV.HDR.H.265-BYNDR.mkv,The Bourne Supremacy,2004,HEVC,2160p,3840,2160,23.976,6506.08,22.35,29506.2,0.1484,REFERENCE/HEAVY,DTS 8ch
The Bourne Ultimatum 2007 2160p BluRay DTS-X 7 1 DV HDR10 x265-MainFrame/The Bourne Ultimatum 2007 2160p BluRay DTS-X 7 1 DV HDR10 x265-MainFrame.mkv,The Bourne Ultimatum,2007,HEVC,2160p,3840,1600,23.976,6915.03,19.88,24699.1,0.1677,REFERENCE/HEAVY,DTS 8ch
The.Bridge.on.the.River.Kwai.1957.UHD.BluRay.2160p.DDP.7.1.DV.HDR.x265-BHDStudio/The.Bridge.on.the.River.Kwai.1957.UHD.BluRay.2160p.DDP.7.1.DV.HDR.x265-BHDStudio.mp4,The Bridge on the River Kwai,1957,HEVC,2160p,3840,1508,23.976,9688.7,18.93,16783.5,0.1209,OPTIMAL,EAC3 8ch
The.Da.Vinci.Code.2006.Extended.Cut.UHD.BluRay.2160p.DDP.Atmos.5.1.DV.HDR.x265-hallowed.mkv-xpost/The.Da.Vinci.Code.2006.Extended.Cut.UHD.BluRay.2160p.DDP.Atmos.5.1.DV.HDR.x265-hallowed.mkv-xpost.mkv,The Da Vinci Code,2006,HEVC,2160p,3840,1604,23.976,10477.47,23.33,19123.1,0.1295,OPTIMAL,EAC3 6ch
The Dark Knight 2008 Bluray 2160p AV1 HDR10 OPUS 5 1-UH/The Dark Knight 2008 Bluray 2160p AV1 HDR10 OPUS 5 1-UH.mkv,The Dark Knight,2008,AV1,2160p,3840,2160,23.976,9132.26,9.54,8972.9,0.0451,OPTIMAL,OPUS 6ch
The.Dark.Knight.Rises.2012.2160p.BluRay.DTS-HD.MA.5.1.DV.HDR.AV1-R and H/The.Dark.Knight.Rises.2012.2160p.BluRay.DTS-HD.MA.5.1.DV.HDR.AV1-R and H.mkv,The Dark Knight Rises,2012,AV1,2160p,3840,2160,23.976,9872.28,15.34,13346.5,0.0671,OPTIMAL,DTS 6ch
The.Departed.2006.2160p.UHD.BluRay.DD+5.1.HDR.AV1-Smokindevil/The.Departed.2006.2160p.UHD.BluRay.DD+5.1.HDR.AV1-Smokindevil.mkv,The Departed,2006,AV1,2160p,3840,1608,23.976,9078.74,6.32,5978.6,0.0404,STARVED,EAC3 6ch
The Devil Wears Prada 2 2026 HYBRID 2160p MA WEB-DL DDP5 1 Atmos DV HDR10P H 265-BYNDR/The Devil Wears Prada 2 2026 HYBRID 2160p MA WEB-DL DDP5 1 Atmos DV HDR10P H 265-BYNDR.mkv,The Devil Wears Prada 2,2026,HEVC,2160p,3840,2160,24.0,7140.83,21.32,25645.6,0.1288,OPTIMAL,EAC3 6ch
The.Drama.2026.2160p.HMAX.WEB-DL.DDPA.5.1.DV.HDR.H.265-PiRaTeS/The.Drama.2026.2160p.HMAX.WEB-DL.DDPA.5.1.DV.HDR.H.265-PiRaTeS.mkv,The Drama,2026,HEVC,2160p,3840,2080,23.976,6326.3,15.09,20490.8,0.107,OPTIMAL,EAC3 6ch
The.Elephant.Man.1980.UHD.BluRay.2160p.DD.2.0.DV.HDR.x265-BHDStudio/The.Elephant.Man.1980.UHD.BluRay.2160p.DD.2.0.DV.HDR.x265-BHDStudio.mp4,The Elephant Man,1980,HEVC,2160p,3840,1636,24.0,7386.27,14.17,16475.7,0.1093,OPTIMAL,AC3 2ch
The.Exorcist.1973.Director s.Cut.2160p.BluRay.TrueHD.Atmos.7.1.HDR10.AV1-R and H/The.Exorcist.1973.Director s.Cut.2160p.BluRay.TrueHD.Atmos.7.1.HDR10.AV1-R and H.mkv,The Exorcist,1973,AV1,2160p,3840,2160,23.976,7940.39,10.73,11611.1,0.0584,OPTIMAL,TRUEHD 8ch
The.Father.2020.2160p.AMZN.WEB-DL.DDP5.1.HDR.HEVC-CMRG/The.Father.2020.2160p.AMZN.WEB-DL.DDP5.1.HDR.HEVC-CMRG.mkv,The Father,2020,HEVC,2160p,3840,1600,23.976,5817.22,10.29,15199.6,0.1032,OPTIMAL,EAC3 6ch
The.General.1926.BluRay.1080p.DD.5.1.x264-BHDStudio/The.General.1926.BluRay.1080p.DD.5.1.x264-BHDStudio.mp4,The General,1926,H264,1080p,1420,1080,23.976,4785.66,4.72,8468.9,0.2303,RES-ANOMALY,AC3 6ch
The.Godfather.1972.2160p.BluRay.TrueHD.5.1.DV.HDR.AV1-R and H/The.Godfather.1972.2160p.BluRay.TrueHD.5.1.DV.HDR.AV1-R and H.mkv,The Godfather,1972,AV1,2160p,3840,2160,23.976,10602.76,16.62,13462.9,0.0677,OPTIMAL,TRUEHD 6ch
The.Godfather.Part.II.1974.2160p.BluRay.TrueHD.5.1.DV.HDR.AV1-R and H/The.Godfather.Part.II.1974.2160p.BluRay.TrueHD.5.1.DV.HDR.AV1-R and H.mkv,The Godfather Part II,1974,AV1,2160p,3840,2160,23.976,12033.66,18.14,12946.7,0.0651,OPTIMAL,TRUEHD 6ch
The.Good.the.Bad.and.the.Ugly.1966.Extended.Cut.1080p.UHD.BluRay.DoVi.HDR10.x265-CtrlHD/The.Good.the.Bad.and.the.Ugly.1966.Extended.Cut.1080p.UHD.BluRay.DoVi.HDR10.x265-CtrlHD.mkv,The Good the Bad and the Ugly,1966,HEVC,1080p,1920,816,23.976,10723.1,33.21,26602.1,0.7082,RES-ANOMALY,EAC3 6ch
The.Grand.Budapest.Hotel.2014.UHD.BluRay.2160p.DDP.5.1.DV.HDR.x265-hallowed/The.Grand.Budapest.Hotel.2014.UHD.BluRay.2160p.DDP.5.1.DV.HDR.x265-hallowed.mkv,The Grand Budapest Hotel,2014,HEVC,2160p,3840,2076,23.976,5995.61,13.1,18766.2,0.0982,OPTIMAL,EAC3 6ch
The.Great.Dictator.1940.1080p.AMZN.WEB-DL.DDP.2.0.H.264-PiRaTeS/The.Great.Dictator.1940.1080p.AMZN.WEB-DL.DDP.2.0.H.264-PiRaTeS.mkv,The Great Dictator,1940,H264,1080p,1440,1080,23.976,7515.46,7.6,8686.1,0.2329,RES-ANOMALY,EAC3 2ch
The.Great.Escape.1963.UHD.BluRay.2160p.DDP.5.1.DV.HDR10Plus.x265-hallowed/The.Great.Escape.1963.UHD.BluRay.2160p.DDP.5.1.DV.HDR10Plus.x265-hallowed.mkv,The Great Escape,1963,HEVC,2160p,3840,1632,23.976,10334.78,20.16,16753.9,0.1115,OPTIMAL,EAC3 6ch
The.Green.Mile.1999.UHD.BluRay.2160p.TrueHD.7.1.Atmos.DV.HDR.AV1-RandH/The.Green.Mile.1999.UHD.BluRay.2160p.TrueHD.7.1.Atmos.DV.HDR.AV1-RandH.mkv,The Green Mile,1999,AV1,2160p,3840,2160,23.976,11315.58,14.21,10789.3,0.0543,OPTIMAL,TRUEHD 8ch
The.Handmaiden.2016.2160p.AMZN.WEB-DL.DDP5.1.HDR.H.265-Kitsune/The.Handmaiden.2016.2160p.AMZN.WEB-DL.DDP5.1.HDR.H.265-Kitsune.mkv,The Handmaiden,2016,HEVC,2160p,3840,1600,23.976,8723.3,15.8,15555.9,0.1056,OPTIMAL,EAC3 6ch
The.Hunt.2012.1080p.BluRay.Opus.5.1.AV1-KIMJI/The.Hunt.2012.1080p.BluRay.Opus.5.1.AV1-KIMJI.mkv,The Hunt,2012,AV1,1080p,1920,816,23.976,6936.53,3.37,4173.4,0.1111,RES-ANOMALY,OPUS 6ch
The.Ides.of.March.2011.1080p.AMZN.WEB-DL.DDP.5.1.H.264-PiRaTeS/The.Ides.of.March.2011.1080p.AMZN.WEB-DL.DDP.5.1.H.264-PiRaTeS.mkv,The Ides of March,2011,H264,1080p,1920,1080,23.976,6073.09,6.74,9530.8,0.1917,RES-ANOMALY,EAC3 6ch
The.Incredibles.2004.2160p.BluRay.TrueHD.Atmos.7.1.DV.HDR10.x265-MainFrame/The.Incredibles.2004.2160p.BluRay.TrueHD.Atmos.7.1.DV.HDR10.x265-MainFrame.mkv,The Incredibles,2004,HEVC,2160p,3840,1604,23.976,6926.69,19.47,24147.8,0.1635,REFERENCE/HEAVY,TRUEHD 8ch
The.Intouchables.2011.1080p.BluRay.Opus.5.1.AV1-KIMJI/The.Intouchables.2011.1080p.BluRay.Opus.5.1.AV1-KIMJI.mkv,The Intouchables,2011,AV1,1080p,1920,1040,24.0,6737.12,3.86,4923.9,0.1027,RES-ANOMALY,OPUS 6ch
The.Iron.Giant.1999.Directors.Cut.1080p.BluRay.DDP5.1.x264-ATELiER/The.Iron.Giant.1999.Directors.Cut.1080p.BluRay.DDP5.1.x264-ATELiER.mkv,The Iron Giant,1999,H264,1080p,1920,800,23.976,5398.57,10.89,17325.6,0.4705,RES-ANOMALY,EAC3 6ch
The.Kid.1921.Original.Cut.Hybrid.1080p.BluRay.DD2.0.x264-BMF/The.Kid.1921.Original.Cut.Hybrid.1080p.BluRay.DD2.0.x264-BMF.mkv,The Kid,1921,H264,1080p,1440,1080,19.98,4097.19,10.18,21347.5,0.687,RES-ANOMALY,AC3 2ch
The Lion King-1994-2160p DSNP WEB-DL Hybrid H265 DV HDR DDP Atmos 5.1 English-HONE-/The Lion King-1994-2160p DSNP WEB-DL Hybrid H265 DV HDR DDP Atmos 5.1 English-HONE-.mkv,The Lion King-1994-2160p DSNP WEB-DL Hybrid H265 DV HDR DDP Atmos 5.1 English-HONE-,0,HEVC,2160p,3840,2160,23.976,5301.34,10.38,16814.1,0.0845,OPTIMAL,EAC3 6ch
The.Lives.of.Others.2006.Remaster.1080p.BluRay.DD+5.1.x264-TayTO/The.Lives.of.Others.2006.Remaster.1080p.BluRay.DD+5.1.x264-TayTO.mkv,The Lives of Others,2006,H264,1080p,1918,818,24.0,8244.74,18.48,19258.3,0.5115,RES-ANOMALY,EAC3 6ch
The.Lord.of.the.Rings.The.Fellowship.of.the.Ring.2001.Extended.UHD.BluRay.2160p.TrueHD.Atmos.7.1.DV.HDR.AV1-CoSMiCSuRFeR/The.Lord.of.the.Rings.The.Fellowship.of.the.Ring.2001.Extended.UHD.BluRay.2160p.TrueHD.Atmos.7.1.DV.HDR.AV1-CoSMiCSuRFeR.mkv,The Lord of the Rings The Fellowship of the Ring,2001,AV1,2160p,3840,1608,23.976,13691.74,30.91,19394.1,0.131,REFERENCE/HEAVY,TRUEHD 8ch
The.Lord.of.the.Rings.The.Return.of.the.King.2003.Extended.UHD.BluRay.2160p.TrueHD.Atmos.7.1.DV.HDR.AV1-CoSMiCSuRFeR/The.Lord.of.the.Rings.The.Return.of.the.King.2003.Extended.UHD.BluRay.2160p.TrueHD.Atmos.7.1.DV.HDR.AV1-CoSMiCSuRFeR.mkv,The Lord of the Rings The Return of the King,2003,AV1,2160p,3840,1608,23.976,15790.78,41.34,22487.9,0.1519,REFERENCE/HEAVY,TRUEHD 8ch
The.Lord.of.the.Rings.The.Two.Towers.2002.Extended.UHD.BluRay.2160p.TrueHD.Atmos.7.1.DV.HDR.AV1-CoSMiCSuRFeR/The.Lord.of.the.Rings.The.Two.Towers.2002.Extended.UHD.BluRay.2160p.TrueHD.Atmos.7.1.DV.HDR.AV1-CoSMiCSuRFeR.mkv,The Lord of the Rings The Two Towers,2002,AV1,2160p,3840,1608,23.976,14125.15,29.93,18199.1,0.1229,REFERENCE/HEAVY,TRUEHD 8ch
The.Lost.World.Jurassic.Park.1997.PROPER.UHD.BluRay.2160p.DDP.7.1.DV.HDR.x265-hallowed/The.Lost.World.Jurassic.Park.1997.PROPER.UHD.BluRay.2160p.DDP.7.1.DV.HDR.x265-hallowed.mkv,The Lost World Jurassic Park,1997,HEVC,2160p,3840,2076,23.976,7719.17,16.95,18866.4,0.0987,OPTIMAL,EAC3 8ch
The.Mandalorian.and.Grogu.2026.IMAX.2160p.HDR10.DV.Hybrid.MA.Webrip.AV1.10bit.EAC3.5.1.Atmos-Goki-TAoE/The.Mandalorian.and.Grogu.2026.IMAX.2160p.HDR10.DV.Hybrid.MA.Webrip.AV1.10bit.EAC3.5.1.Atmos-Goki-TAoE.mkv,The Mandalorian and Grogu,2026,AV1,2160p,3840,2160,24.0,7918.11,8.24,8943.2,0.0449,STARVED,EAC3 6ch
The.Matrix.1999.2160p.HDR.UHD.BluRay.AV1.DDP5.1.Atmos.Multi4-dAV1nci/The.Matrix.1999.2160p.HDR.UHD.BluRay.AV1.DDP5.1.Atmos.Multi4-dAV1nci.mkv,The Matrix,1999,AV1,2160p,3840,1600,23.976,8178.69,12.26,12878.4,0.0874,REFERENCE/HEAVY,EAC3 6ch
The.Outsiders.1983.Collectors.Edition.NLD.1080p.BluRay.DTS.x264-decibeL/The.Outsiders.1983.Collectors.Edition.NLD.1080p.BluRay.DTS.x264-decibeL.mkv,The Outsiders,1983,H264,1080p,1920,798,23.976,6896.31,11.58,14422.7,0.3926,RES-ANOMALY,DTS 6ch
The.Perks.of.Being.a.Wallflower.2012.1080p.AMZN.WEB-DL.DDP.5.1.H.264-PiRaTeS/The.Perks.of.Being.a.Wallflower.2012.1080p.AMZN.WEB-DL.DDP.5.1.H.264-PiRaTeS.mkv,The Perks of Being a Wallflower,2012,H264,1080p,1920,1080,24.0,6156.13,10.52,14679.5,0.295,RES-ANOMALY,EAC3 6ch
The.Pianist.2002.Bluray.1080p.AV1.OPUS.5.1-UH/The.Pianist.2002.Bluray.1080p.AV1.OPUS.5.1-UH.mkv,The Pianist,2002,AV1,1080p,1920,1036,24.0,8924.06,5.78,5563.0,0.1165,RES-ANOMALY,OPUS 6ch
The.Place.Beyond.the.Pines.2013.UHD.BluRay.2160p.DDP.5.1.DV.HDR.x265-hallowed/The.Place.Beyond.the.Pines.2013.UHD.BluRay.2160p.DDP.5.1.DV.HDR.x265-hallowed.mkv,The Place Beyond the Pines,2013,HEVC,2160p,3840,1600,23.976,8425.17,18.35,18711.8,0.127,OPTIMAL,EAC3 6ch
The.Prestige.2006.2160p.BluRay.DTS-HD.MA.5.1.DV.HDR.AV1-R and H/The.Prestige.2006.2160p.BluRay.DTS-HD.MA.5.1.DV.HDR.AV1-R and H.mkv,The Prestige,2006,AV1,2160p,3840,2160,23.976,7824.4,11.83,12991.8,0.0653,OPTIMAL,DTS 6ch
The.Right.Stuff.1983.BluRay.1080p.DD.5.1.x264-BHDStudio/The.Right.Stuff.1983.BluRay.1080p.DD.5.1.x264-BHDStudio.mp4,The Right Stuff,1983,H264,1080p,1920,1080,23.976,11564.74,11.55,8580.6,0.1726,RES-ANOMALY,AC3 6ch
The.Rip.2026.2160p.NF.WEB-DL.DDP5.1.Atmos.DV.HDR.H.265-FLUX/The.Rip.2026.2160p.NF.WEB-DL.DDP5.1.Atmos.DV.HDR.H.265-FLUX.mkv,The Rip,2026,HEVC,2160p,3840,2160,24.0,6900.33,15.25,18986.7,0.0954,OPTIMAL,EAC3 6ch
The.Secret.in.Their.Eyes.2009.1080p.BluRay.x264-EbP/The.Secret.in.Their.Eyes.2009.1080p.BluRay.x264-EbP.mkv,The Secret in Their Eyes,2009,H264,1080p,1920,816,23.976,7755.78,8.87,9826.7,0.2616,RES-ANOMALY,AC3 6ch
The.Shawshank.Redemption.1994.2160p.PCOK.WEB-DL.DDP.5.1.DV.HDR.H.265-PiRaTeS/The.Shawshank.Redemption.1994.2160p.PCOK.WEB-DL.DDP.5.1.DV.HDR.H.265-PiRaTeS.mkv,The Shawshank Redemption,1994,HEVC,2160p,3840,2160,23.976,8552.51,15.39,15459.2,0.0777,STARVED,EAC3 6ch
The Sheep Detectives 2026 2160p AMZN WEB-DL DDP5 1 Atmos DV HDR H 265-FLUX/The Sheep Detectives 2026 2160p AMZN WEB-DL DDP5 1 Atmos DV HDR H 265-FLUX.mkv,The Sheep Detectives,2026,HEVC,2160p,3840,1920,24.0,6874.71,11.91,14879.5,0.0841,OPTIMAL,EAC3 6ch
The Shining 1980 UHD BluRay 2160p DD 5 1 DV HDR10Plus x265-BHDStudio/The Shining 1980 UHD BluRay 2160p DD 5 1 DV HDR10Plus x265-BHDStudio.mp4,The Shining,1980,HEVC,2160p,3840,2160,23.976,8625.76,16.73,16655.7,0.0838,OPTIMAL,AC3 6ch
The.Silence.of.the.Lambs.1991.PROPER.UHD.BluRay.2160p.DDP.5.1.DV.HDR.x265-hallowed/The.Silence.of.the.Lambs.1991.PROPER.UHD.BluRay.2160p.DDP.5.1.DV.HDR.x265-hallowed.mkv,The Silence of the Lambs,1991,HEVC,2160p,3840,2076,23.976,7113.52,15.53,18755.9,0.0981,OPTIMAL,EAC3 6ch
The.Sixth.Sense.1999.2160p.UHD.BluRay.HDR10.DD+5.1.AV1-Smokindevil/The.Sixth.Sense.1999.2160p.UHD.BluRay.HDR10.DD+5.1.AV1-Smokindevil.mkv,The Sixth Sense,1999,AV1,2160p,3840,2076,23.976,6443.15,13.99,18648.8,0.0976,REFERENCE/HEAVY,EAC3 6ch
The.Sound.of.Music.1965.2160p.DSNP.WEB-DL.DD+5.1.Atmos.DoVi.HDR.H.265-playWEB/The.Sound.of.Music.1965.2160p.DSNP.WEB-DL.DD+5.1.Atmos.DoVi.HDR.H.265-playWEB.mkv,The Sound of Music,1965,HEVC,2160p,3840,2160,23.976,10476.58,19.38,15888.6,0.0799,STARVED,EAC3 6ch
The.Sting.1973.REPACK.1080p.UHD.BluRay.DDP.5.1.HDR10.x265-c0kE/The.Sting.1973.REPACK.1080p.UHD.BluRay.DDP.5.1.HDR10.x265-c0kE.mkv,The Sting,1973,HEVC,1080p,1920,1038,23.976,7757.24,28.92,32018.9,0.6701,RES-ANOMALY,EAC3 6ch
The.Terminator.1984.REMASTERED-2160p.BluRay.HDR10.Encode.AV1.DTS.5.1-R and H/The.Terminator.1984.REMASTERED-2160p.BluRay.HDR10.Encode.AV1.DTS.5.1-R_and_H/The.Terminator.1984.REMASTERED-2160p.BluRay.HDR10.Encode.AV1.DTS.5.1-R_and_H.mkv,The Terminator,1984,AV1,2160p,3840,2160,23.976,6447.48,6.7,8929.6,0.0449,STARVED,DTS 6ch
The.Thing.1982.2160p.WEB-DL.DTS-HD.MA.4.1.HDR.H.265-FLUX/The.Thing.1982.2160p.WEB-DL.DTS-HD.MA.4.1.HDR.H.265-FLUX.mkv,The Thing,1982,HEVC,2160p,3840,1634,23.976,6518.64,22.49,29636.3,0.197,REFERENCE/HEAVY,DTS 5ch
The.Third.Man.1949.UHD.BluRay.2160p.DD.1.0.DV.HDR.x265-BHDStudio/The.Third.Man.1949.UHD.BluRay.2160p.DD.1.0.DV.HDR.x265-BHDStudio.mp4,The Third Man,1949,HEVC,2160p,2960,2160,23.976,6268.58,12.04,16498.5,0.1076,OPTIMAL,AC3 1ch
The.Treasure.Of.The.Sierra.Madre.1948.1080p.BluRay.DD1.0.X264-CtrlHD/The.Treasure.Of.The.Sierra.Madre.1948.1080p.BluRay.DD1.0.X264-CtrlHD.mkv,The Treasure Of The Sierra Madre,1948,H264,1080p,1480,1080,23.976,7569.6,11.19,12695.6,0.3313,RES-ANOMALY,AC3 1ch
The.Truman.Show.1998.2160p.PMTP.WEB-DL.DDPA.5.1.DV.HDR.H.265-PiRaTeS/The.Truman.Show.1998.2160p.PMTP.WEB-DL.DDPA.5.1.DV.HDR.H.265-PiRaTeS.mkv,The Truman Show,1998,HEVC,2160p,3840,2160,23.976,6181.12,10.63,14777.8,0.0743,STARVED,EAC3 6ch
The.Wild.Robot.2024.2160p.WEB-DL.EAC3.HDR.DV.AV1-TiZU/The.Wild.Robot.2024.2160p.WEB-DL.EAC3.HDR.DV.AV1-TiZU.mkv,The Wild Robot,2024,AV1,2160p,3840,1602,23.976,6100.68,8.64,12170.5,0.0825,REFERENCE/HEAVY,EAC3 6ch
The.Wizard.of.Oz.1939.2160p.UHD.BluRay.DV.HDR10.DD+5.1.AV1-Smokindevil/The.Wizard.of.Oz.1939.2160p.UHD.BluRay.DV.HDR10.DD+5.1.AV1-Smokindevil.mkv,The Wizard of Oz,1939,AV1,2160p,2960,2160,23.976,6105.41,9.81,13795.3,0.09,REFERENCE/HEAVY,EAC3 6ch
The.Wolf.of.Wall.Street.2013.2160p.PMTP.WEB-DL.DDP5.1.HDR.DV.HEVC-PiRaTeS/The.Wolf.of.Wall.Street.2013.2160p.PMTP.WEB-DL.DDP5.1.HDR.DV.HEVC-PiRaTeS.mkv,The Wolf of Wall Street,2013,HEVC,2160p,3840,2160,23.976,10792.35,17.43,13871.0,0.0698,STARVED,EAC3 6ch
The.Wolverine.2013.Theatrical.Cut.2160p.AMZN.WEB.DV.HDR10.10.bit.Encode.AV1.DTS.5.1-R&H.mkv/The.Wolverine.2013.Theatrical.Cut.2160p.AMZN.WEB.DV.HDR10.10.bit.Encode.AV1.DTS.5.1-R&H.mkv,The Wolverine,2013,AV1,2160p,3840,1600,23.976,7567.72,5.55,6303.7,0.0428,STARVED,DTS 6ch
The.Deer.Hunter.1978-2160p.BluRay.HDR10.10.bit.Encode.AV1.DDP.5.1-R and H/The.Deer.Hunter.1978-2160p.BluRay.HDR10.10.bit.Encode.AV1.DDP.5.1-R and H.mkv,The.Deer.Hunter.1978-2160p.BluRay.HDR10.10.bit.Encode.AV1.DDP.5.1-R and H,0,AV1,2160p,3840,1632,24.0,11026.75,10.75,8374.8,0.0557,OPTIMAL,EAC3 6ch
The.Usual.Suspects.1995-2160p.BluRay.HDR10.10.bit.Encode.AV1.DDP.5.1-R&H.mkv-xpost/The.Usual.Suspects.1995-2160p.BluRay.HDR10.10.bit.Encode.AV1.DDP.5.1-R&H.mkv-xpost.mkv,The.Usual.Suspects.1995-2160p.BluRay.HDR10.10.bit.Encode.AV1.DDP.5.1-R&H.mkv-xpost,0,AV1,2160p,3840,1604,24.0,6342.71,5.13,6951.9,0.047,OPTIMAL,EAC3 6ch
The_Exorcist_1973_Director_s_Cut_2160p_BluRay_TrueHD_Atmos_7_1_HDR10_AV1-R_H/The_Exorcist_1973_Director_s_Cut_2160p_BluRay_TrueHD_Atmos_7_1_HDR10_AV1-R_H.mkv,The_Exorcist_1973_Director_s_Cut_2160p_BluRay_TrueHD_Atmos_7_1_HDR10_AV1-R_H,0,AV1,2160p,3840,2160,23.976,7940.39,10.73,11611.1,0.0584,OPTIMAL,TRUEHD 8ch
There.Will.Be.Blood.2007.1080p.BluRay.Opus.5.1.AV1-GanG/There.Will.Be.Blood.2007.1080p.BluRay.Opus.5.1.AV1-GanG.mkv,There Will Be Blood,2007,AV1,1080p,1920,800,23.976,9502.38,5.72,5172.5,0.1405,RES-ANOMALY,OPUS 6ch
Three.Billboards.Outside.Ebbing.Missouri.2017.1080p.UHD.BluRay.DD+5.1.DoVi.x265-SA89/Three.Billboards.Outside.Ebbing.Missouri.2017.1080p.UHD.BluRay.DD+5.1.DoVi.x265-SA89.mkv,Three Billboards Outside Ebbing Missouri,2017,HEVC,1080p,1920,804,23.976,6920.86,18.26,22666.4,0.6124,RES-ANOMALY,EAC3 6ch
To.Kill.a.Mockingbird.1962.UHD.BluRay.2160p.DDP.5.1.DV.HDR.x265-hallowed/To.Kill.a.Mockingbird.1962.UHD.BluRay.2160p.DDP.5.1.DV.HDR.x265-hallowed.mkv,To Kill a Mockingbird,1962,HEVC,2160p,3840,2076,23.976,7753.02,15.08,16704.4,0.0874,OPTIMAL,EAC3 6ch
Top.Gun.Maverick.2022.2160p.ATVP.WEB-DL.DDPA.5.1.DV.HDR.H.265-PiRaTeS/Top.Gun.Maverick.2022.2160p.ATVP.WEB-DL.DDPA.5.1.DV.HDR.H.265-PiRaTeS.mkv,Top Gun Maverick,2022,HEVC,2160p,3840,1608,23.976,7814.56,13.75,15116.6,0.1021,OPTIMAL,EAC3 6ch
Toy.Story.1995.2160p.DSNP.WEB-DL.DDPA.5.1.DV.HDR.H.265-PiRaTeS/Toy.Story.1995.2160p.DSNP.WEB-DL.DDPA.5.1.DV.HDR.H.265-PiRaTeS.mkv,Toy Story,1995,HEVC,2160p,3840,2160,23.976,4862.44,8.3,14664.0,0.0737,STARVED,EAC3 6ch
Toy.Story.3.2010.2160p.DSNP.WEB-DL.DDPA.5.1.DV.HDR.H.265-PiRaTeS/Toy.Story.3.2010.2160p.DSNP.WEB-DL.DDPA.5.1.DV.HDR.H.265-PiRaTeS.mkv,Toy Story 3,2010,HEVC,2160p,3840,2160,23.976,6150.46,10.42,14555.2,0.0732,STARVED,EAC3 6ch
Toy.Story.5.2026.2160p.MA.WEB-DL.DDP5.1.Atmos.DV.HDR.H.265-BYNDR/Toy.Story.5.2026.2160p.MA.WEB-DL.DDP5.1.Atmos.DV.HDR.H.265-BYNDR.mkv,Toy Story 5,2026,HEVC,2160p,3840,2160,24.0,6106.75,18.23,25637.9,0.1288,OPTIMAL,EAC3 6ch
Trainspotting 1996 Criterion Collection 2160p UHD BluRay DTS-HD MA 5.1 DV HDR x265-HiDt/Trainspotting 1996 Criterion Collection 2160p UHD BluRay DTS-HD MA 5.1 DV HDR x265-HiDt.mkv,Trainspotting,1996,HEVC,2160p,3840,2076,23.976,5653.19,35.13,53373.4,0.2792,REFERENCE/HEAVY,DTS 6ch
True.Grit.2010.1080p.Bluray.OPUS.5.1.AV1-WhiskeyJack/True.Grit.2010.1080p.Bluray.OPUS.5.1.AV1-WhiskeyJack.mkv,True Grit,2010,AV1,1080p,1920,816,23.976,6620.42,4.45,5769.0,0.1536,RES-ANOMALY,OPUS 6ch
Unforgiven.1992.1080p.BluRay.DD5.1.x264-SA89/Unforgiven.1992.1080p.BluRay.DD5.1.x264-SA89.mkv,Unforgiven,1992,H264,1080p,1920,800,23.976,7841.31,13.46,14750.1,0.4005,RES-ANOMALY,AC3 6ch
Up.2009.2160p.Bluray.AC3.HDR.DV.AV1-TiZU/Up.2009.2160p.Bluray.AC3.HDR.DV.AV1-TiZU.mkv,Up,2009,AV1,2160p,3840,2160,23.976,5768.22,9.76,14541.7,0.0731,OPTIMAL,AC3 6ch
V.for.Vendetta.2005-2160p.BluRay.DV.HDR10.Encode.AV1.DTS.5.1-RandH/V.for.Vendetta.2005-2160p.BluRay.DV.HDR10.Encode.AV1.DTS.5.1-RandH.mkv,V.for.Vendetta.2005-2160p.BluRay.DV.HDR10.Encode.AV1.DTS.5.1-RandH,0,AV1,2160p,3840,2160,23.976,7953.58,9.48,10242.1,0.0515,OPTIMAL,DTS 6ch
Vertigo.1958.2160p.UHD.BluRay.DTS-HD.MA.7.1.HDR.x265-CtrlHD/Vertigo.1958.2160p.UHD.BluRay.DTS-HD.MA.7.1.HDR.x265-CtrlHD.mkv,Vertigo,1958,HEVC,2160p,3840,2076,23.976,7707.73,31.45,35044.2,0.1833,REFERENCE/HEAVY,DTS 8ch
WALL-E.2008.2160p.UHD.BluRay.TrueHD.7.1.Atmos.DV.HDR10P.x265-RandomBytes/WALL-E.2008.2160p.UHD.BluRay.TrueHD.7.1.Atmos.DV.HDR10P.x265-RandomBytes.mkv,WALL-E,2008,HEVC,2160p,3840,1608,23.976,5904.93,12.4,18035.5,0.1218,OPTIMAL,TRUEHD 8ch
Warrior.2011.1080p.AMZN.WEB-DL.DDP.5.1.H.264-PiRaTeS/Warrior.2011.1080p.AMZN.WEB-DL.DDP.5.1.H.264-PiRaTeS.mkv,Warrior,2011,H264,1080p,1920,1080,23.976,8392.48,13.84,14164.5,0.2849,RES-ANOMALY,EAC3 6ch
Whiplash.2014.UHD.BluRay.2160p.DDP.7.1.DV.HDR.x265-hallowed/Whiplash.2014.UHD.BluRay.2160p.DDP.7.1.DV.HDR.x265-hallowed.mkv,Whiplash,2014,HEVC,2160p,3840,1600,23.976,6417.41,12.6,16862.2,0.1145,OPTIMAL,EAC3 8ch
Wild.Tales.2014.1080p.BluRay.DD+5.1.x264-DON/Wild.Tales.2014.1080p.BluRay.DD+5.1.x264-DON.mkv,Wild Tales,2014,H264,1080p,1916,804,23.976,7325.47,15.59,18281.9,0.495,RES-ANOMALY,EAC3 6ch
X-Men.2000.2160p.BluRay.AV1.10bit.5.1ch.AC3.AV1-ChopperHitler/X-Men.2000.2160p.BluRay.AV1.10bit.5.1ch.AC3.AV1-ChopperHitler.mkv,X-Men,2000,AV1,2160p,3840,1600,23.976,6265.52,12.79,17529.6,0.119,REFERENCE/HEAVY,AC3 6ch
X-Men Apocalypse-2016-UHD BluRay AV1 10bit HDR10 AC3 5.1 AV1-ChopperHitler/X-Men Apocalypse-2016-UHD BluRay AV1 10bit HDR10 AC3 5.1 AV1-ChopperHitler.mkv,X-Men Apocalypse-2016-UHD BluRay AV1 10bit HDR10 AC3 5.1 AV1-ChopperHitler,0,AV1,2160p,3840,1600,23.976,8638.3,11.69,11625.6,0.0789,REFERENCE/HEAVY,AC3 6ch
X-Men.Days.of.Future.Past.2014.2160p.BluRay.AV1.10bit.HDR10.AC3.5.0ch.AV1-ChopperHitler/X-Men.Days.of.Future.Past.2014.2160p.BluRay.AV1.10bit.HDR10.AC3.5.0ch.AV1-ChopperHitler.mkv,X-Men Days of Future Past,2014,AV1,2160p,3840,1600,23.976,7895.27,11.96,13014.9,0.0884,REFERENCE/HEAVY,AC3 5ch
X-Men.First.Class.2011.UHD.BluRay.2160p.DDP.5.1.HDR.x265-hallowed/X-Men.First.Class.2011.UHD.BluRay.2160p.DDP.5.1.HDR.x265-hallowed.mkv,X-Men First Class,2011,HEVC,2160p,3840,1632,23.976,7903.14,17.21,18710.4,0.1245,OPTIMAL,EAC3 6ch
X-Men Origins Wolverine-2009-1080p BluRay AV1 10bit AC3 5.1ch AV1-ChopperHitler/X-Men Origins Wolverine-2009-1080p BluRay AV1 10bit AC3 5.1ch AV1-ChopperHitler.mkv,X-Men Origins Wolverine-2009-1080p BluRay AV1 10bit AC3 5.1ch AV1-ChopperHitler,0,AV1,1080p,1920,818,23.976,6405.47,3.44,4616.2,0.1226,RES-ANOMALY,AC3 6ch
X-Men.The.Last.Stand.2006.UHD.BluRay.2160p.DDP.5.1.HDR.x265-hallowed/X-Men.The.Last.Stand.2006.UHD.BluRay.2160p.DDP.5.1.HDR.x265-hallowed.mkv,X-Men The Last Stand,2006,HEVC,2160p,3840,1600,23.976,6248.83,13.62,18726.0,0.1271,OPTIMAL,EAC3 6ch
X2.X-Men.United.2003.UHD.BluRay.2160p.DDP.5.1.HDR.x265-hallowed/X2.X-Men.United.2003.UHD.BluRay.2160p.DDP.5.1.HDR.x265-hallowed.mkv,X2 X-Men United,2003,HEVC,2160p,3840,1600,23.976,8027.49,17.5,18722.2,0.1271,OPTIMAL,EAC3 6ch
Yi.Yi.2000.Criterion.1080p.BluRay.FLAC.x264.D-Z0N3/Yi.Yi.2000.Criterion.1080p.BluRay.FLAC.x264.D-Z0N3.mkv,Yi Yi,2000,H264,1080p,1920,1038,23.976,10413.06,20.56,16957.7,0.3549,RES-ANOMALY,FLAC 2ch
Yojimbo.1961.1080p.UHD.BluRay.FLAC.1.0.x264-ZoroSenpai/Yojimbo.1961.1080p.UHD.BluRay.FLAC.1.0.x264-ZoroSenpai.mkv,Yojimbo,1961,H264,1080p,1920,806,23.976,6653.44,14.78,19076.6,0.5141,RES-ANOMALY,FLAC 1ch
Your Name 2016 UHD BluRay 2160p DDP 5 1 HDR x265-hallowed/Your Name 2016 UHD BluRay 2160p DDP 5 1 HDR x265-hallowed.mkv,Your Name,2016,HEVC,2160p,3840,2160,23.976,6396.29,9.96,13369.7,0.0672,STARVED,EAC3 6ch
